observation_id,participant_id,rule_id,correct,time,length,cyclomatic,quantity,potential,diversity,level
0,1,19,0,255.6138791825065,52.0,8.0,6.0,32.0,3.0,0.33962264150943394
1,1,27,0,220.65075190235262,48.0,9.0,5.0,38.0,4.0,0.42857142857142855
2,1,28,0,218.5626759558934,28.0,8.0,2.0,20.0,4.0,0.41379310344827586
3,1,29,1,153.32374435362362,20.0,4.0,2.0,16.0,3.0,0.47619047619047616
4,1,21,0,266.9252397379787,56.0,10.0,6.0,36.0,3.0,0.3508771929824561
5,1,8,0,141.88325792145915,24.0,6.0,2.0,20.0,4.0,0.48
6,1,7,0,405.98533571702524,96.0,30.0,6.0,44.0,4.0,0.24742268041237114
7,1,13,0,347.7207975227284,68.0,16.0,6.0,40.0,4.0,0.3188405797101449
8,1,14,0,156.49088667291554,32.0,10.0,2.0,22.0,4.0,0.3939393939393939
9,2,2,0,225.59579320192427,50.0,10.0,5.0,32.0,3.0,0.35294117647058826
10,2,29,0,161.17065343875376,20.0,4.0,2.0,16.0,3.0,0.47619047619047616
11,2,10,0,174.01961990146063,30.0,6.0,3.0,26.0,4.0,0.4838709677419355
12,2,13,0,312.830569080963,68.0,16.0,6.0,40.0,4.0,0.3188405797101449
13,2,18,1,150.00749460785633,16.0,2.0,2.0,16.0,3.0,0.5882352941176471
14,2,11,0,307.0178497326757,40.0,8.0,4.0,28.0,3.0,0.3902439024390244
15,2,7,0,447.0791534145921,96.0,30.0,6.0,44.0,4.0,0.24742268041237114
16,2,24,0,208.66908573460555,32.0,10.0,2.0,24.0,4.0,0.42424242424242425
17,2,26,0,139.5344657396455,20.0,4.0,2.0,14.0,3.0,0.42857142857142855
18,3,24,0,283.7280565008951,32.0,10.0,2.0,24.0,4.0,0.42424242424242425
19,3,26,1,129.7630931245658,20.0,4.0,2.0,14.0,3.0,0.42857142857142855
20,3,11,0,189.4847581394492,40.0,8.0,4.0,28.0,3.0,0.3902439024390244
21,3,31,0,419.98029714286486,86.0,25.0,6.0,42.0,4.0,0.26436781609195403
22,3,12,0,167.25818820578775,32.0,10.0,2.0,24.0,4.0,0.42424242424242425
23,3,30,1,171.3753014507683,20.0,4.0,2.0,20.0,4.0,0.5714285714285714
24,3,2,0,253.43851871604647,50.0,10.0,5.0,32.0,3.0,0.35294117647058826
25,3,21,0,294.11646597458895,56.0,10.0,6.0,36.0,3.0,0.3508771929824561
26,3,38,0,294.63601603614705,54.0,15.0,4.0,38.0,4.0,0.38181818181818183
27,4,24,1,200.93103129121707,32.0,10.0,2.0,24.0,4.0,0.42424242424242425
28,4,14,0,252.58640351447042,32.0,10.0,2.0,22.0,4.0,0.3939393939393939
29,4,20,0,186.84466855488998,34.0,8.0,3.0,30.0,4.0,0.4857142857142857
30,4,6,0,98.34998711895801,12.0,0.0,2.0,14.0,1.0,0.6923076923076923
31,4,32,0,115.69231057285046,34.0,5.0,4.0,28.0,4.0,0.45714285714285713
32,4,1,0,274.06910240046136,42.0,6.0,5.0,30.0,3.0,0.3953488372093023
33,4,16,0,215.2206493839312,30.0,6.0,3.0,24.0,4.0,0.45161290322580644
34,4,28,0,189.6230243229039,28.0,8.0,2.0,20.0,4.0,0.41379310344827586
35,4,15,0,266.24509898014526,54.0,15.0,4.0,38.0,4.0,0.38181818181818183
36,5,26,0,169.47725702520452,20.0,4.0,2.0,14.0,3.0,0.42857142857142855
37,5,16,0,161.05145548377868,30.0,6.0,3.0,24.0,4.0,0.45161290322580644
38,5,11,0,205.17630485507908,40.0,8.0,4.0,28.0,3.0,0.3902439024390244
39,5,15,0,287.9427227315363,54.0,15.0,4.0,38.0,4.0,0.38181818181818183
40,5,14,0,216.04068837189098,32.0,10.0,2.0,22.0,4.0,0.3939393939393939
41,5,5,0,141.88796291529962,22.0,5.0,2.0,22.0,4.0,0.5652173913043478
42,5,18,0,151.80935437357803,16.0,2.0,2.0,16.0,3.0,0.5882352941176471
43,5,35,0,107.35993815694641,24.0,0.0,4.0,20.0,1.0,0.48
44,5,20,0,166.2932873299361,34.0,8.0,3.0,30.0,4.0,0.4857142857142857
45,6,4,0,168.15573001956312,16.0,2.0,2.0,14.0,3.0,0.5294117647058824
46,6,8,0,184.48698492958937,24.0,6.0,2.0,20.0,4.0,0.48
47,6,28,0,171.1832175319055,28.0,8.0,2.0,20.0,4.0,0.41379310344827586
48,6,16,0,124.40698357243775,30.0,6.0,3.0,24.0,4.0,0.45161290322580644
49,6,7,0,452.20155844807186,96.0,30.0,6.0,44.0,4.0,0.24742268041237114
50,6,3,0,387.7936737676719,70.0,20.0,5.0,36.0,4.0,0.28169014084507044
51,6,14,0,218.8058618984212,32.0,10.0,2.0,22.0,4.0,0.3939393939393939
52,6,33,0,237.24779239507149,34.0,8.0,3.0,28.0,4.0,0.45714285714285713
53,6,19,0,249.76776882233162,52.0,8.0,6.0,32.0,3.0,0.33962264150943394
54,7,22,0,331.8484442110296,72.0,18.0,6.0,36.0,4.0,0.273972602739726
55,7,38,0,265.3307579646182,54.0,15.0,4.0,38.0,4.0,0.38181818181818183
56,7,25,0,203.51319946102518,42.0,9.0,4.0,32.0,4.0,0.4186046511627907
57,7,12,0,203.21518850116163,32.0,10.0,2.0,24.0,4.0,0.42424242424242425
58,7,15,0,267.53442542547083,54.0,15.0,4.0,38.0,4.0,0.38181818181818183
59,7,1,0,163.97014858593332,42.0,6.0,5.0,30.0,3.0,0.3953488372093023
60,7,14,0,254.1085167345729,32.0,10.0,2.0,22.0,4.0,0.3939393939393939
61,7,34,0,334.37123984062345,48.0,12.0,4.0,30.0,4.0,0.3469387755102041
62,7,8,0,146.73160348330322,24.0,6.0,2.0,20.0,4.0,0.48
63,8,11,0,212.46430081038162,40.0,8.0,4.0,28.0,3.0,0.3902439024390244
64,8,31,0,382.4704941154914,86.0,25.0,6.0,42.0,4.0,0.26436781609195403
65,8,21,0,227.25078658964765,56.0,10.0,6.0,36.0,3.0,0.3508771929824561
66,8,7,0,452.1086233281072,96.0,30.0,6.0,44.0,4.0,0.24742268041237114
67,8,29,0,158.85014874227426,20.0,4.0,2.0,16.0,3.0,0.47619047619047616
68,8,27,0,231.8383785370303,48.0,9.0,5.0,38.0,4.0,0.42857142857142855
69,8,16,0,197.2342190718497,30.0,6.0,3.0,24.0,4.0,0.45161290322580644
70,8,5,0,124.54592895917787,22.0,5.0,2.0,22.0,4.0,0.5652173913043478
71,8,34,0,237.48023405527968,48.0,12.0,4.0,30.0,4.0,0.3469387755102041
72,9,26,1,153.0867251950065,20.0,4.0,2.0,14.0,3.0,0.42857142857142855
73,9,15,0,282.3089235158827,54.0,15.0,4.0,38.0,4.0,0.38181818181818183
74,9,27,0,258.6833525048873,48.0,9.0,5.0,38.0,4.0,0.42857142857142855
75,9,21,0,213.24954533662387,56.0,10.0,6.0,36.0,3.0,0.3508771929824561
76,9,14,0,202.38047072556037,32.0,10.0,2.0,22.0,4.0,0.3939393939393939
77,9,4,0,140.37868637975126,16.0,2.0,2.0,14.0,3.0,0.5294117647058824
78,9,25,0,241.76215209063096,42.0,9.0,4.0,32.0,4.0,0.4186046511627907
79,9,31,0,383.6078000800048,86.0,25.0,6.0,42.0,4.0,0.26436781609195403
80,9,16,0,206.45617960180903,30.0,6.0,3.0,24.0,4.0,0.45161290322580644
81,10,11,0,176.24036536224432,40.0,8.0,4.0,28.0,3.0,0.3902439024390244
82,10,21,0,235.8662258282343,56.0,10.0,6.0,36.0,3.0,0.3508771929824561
83,10,9,0,268.5586526066364,54.0,15.0,4.0,36.0,4.0,0.36363636363636365
84,10,26,1,171.09787775736464,20.0,4.0,2.0,14.0,3.0,0.42857142857142855
85,10,20,0,210.53746540145735,34.0,8.0,3.0,30.0,4.0,0.4857142857142857
86,10,12,0,168.26178268776556,32.0,10.0,2.0,24.0,4.0,0.42424242424242425
87,10,7,0,444.8681269789167,96.0,30.0,6.0,44.0,4.0,0.24742268041237114
88,10,3,0,321.58582400772923,70.0,20.0,5.0,36.0,4.0,0.28169014084507044
89,10,25,0,221.3702415419697,42.0,9.0,4.0,32.0,4.0,0.4186046511627907
90,11,28,0,222.85222790043562,28.0,8.0,2.0,20.0,4.0,0.41379310344827586
91,11,2,0,175.20159166714106,50.0,10.0,5.0,32.0,3.0,0.35294117647058826
92,11,4,0,138.41191483024588,16.0,2.0,2.0,14.0,3.0,0.5294117647058824
93,11,15,0,298.54537575151545,54.0,15.0,4.0,38.0,4.0,0.38181818181818183
94,11,16,0,146.89709876440855,30.0,6.0,3.0,24.0,4.0,0.45161290322580644
95,11,5,0,157.04083538814362,22.0,5.0,2.0,22.0,4.0,0.5652173913043478
96,11,10,0,228.3129394334934,30.0,6.0,3.0,26.0,4.0,0.4838709677419355
97,11,35,0,70.62668322799705,24.0,0.0,4.0,20.0,1.0,0.48
98,11,12,0,204.63526988511512,32.0,10.0,2.0,24.0,4.0,0.42424242424242425
99,12,13,0,310.34524624838235,68.0,16.0,6.0,40.0,4.0,0.3188405797101449
100,12,27,0,253.0974846039099,48.0,9.0,5.0,38.0,4.0,0.42857142857142855
101,12,21,0,280.836816968027,56.0,10.0,6.0,36.0,3.0,0.3508771929824561
102,12,4,0,159.0972366017997,16.0,2.0,2.0,14.0,3.0,0.5294117647058824
103,12,17,0,186.8225482684193,40.0,5.0,5.0,30.0,4.0,0.4146341463414634
104,12,22,0,314.18614034881296,72.0,18.0,6.0,36.0,4.0,0.273972602739726
105,12,14,0,224.68068275742766,32.0,10.0,2.0,22.0,4.0,0.3939393939393939
106,12,38,0,314.30667360705735,54.0,15.0,4.0,38.0,4.0,0.38181818181818183
107,12,25,0,242.61376448904645,42.0,9.0,4.0,32.0,4.0,0.4186046511627907
108,13,16,0,197.68259250952235,30.0,6.0,3.0,24.0,4.0,0.45161290322580644
109,13,29,0,120.21936393212175,20.0,4.0,2.0,16.0,3.0,0.47619047619047616
110,13,7,0,452.788970096707,96.0,30.0,6.0,44.0,4.0,0.24742268041237114
111,13,10,0,190.41923833617315,30.0,6.0,3.0,26.0,4.0,0.4838709677419355
112,13,6,0,99.2861751402331,12.0,0.0,2.0,14.0,1.0,0.6923076923076923
113,13,25,0,247.3774095064608,42.0,9.0,4.0,32.0,4.0,0.4186046511627907
114,13,32,0,188.14122517283434,34.0,5.0,4.0,28.0,4.0,0.45714285714285713
115,13,38,0,286.9887575404547,54.0,15.0,4.0,38.0,4.0,0.38181818181818183
116,13,21,0,265.35267344485254,56.0,10.0,6.0,36.0,3.0,0.3508771929824561
117,14,21,0,246.4522565822851,56.0,10.0,6.0,36.0,3.0,0.3508771929824561
118,14,17,0,173.8421501655125,40.0,5.0,5.0,30.0,4.0,0.4146341463414634
119,14,6,1,37.215496503153176,12.0,0.0,2.0,14.0,1.0,0.6923076923076923
120,14,28,0,224.41730070629168,28.0,8.0,2.0,20.0,4.0,0.41379310344827586
121,14,20,0,244.23600140492377,34.0,8.0,3.0,30.0,4.0,0.4857142857142857
122,14,32,0,215.85607139198459,34.0,5.0,4.0,28.0,4.0,0.45714285714285713
123,14,36,0,211.7644788897889,40.0,8.0,4.0,20.0,3.0,0.2926829268292683
124,14,30,0,177.94526580734194,20.0,4.0,2.0,20.0,4.0,0.5714285714285714
125,14,8,0,179.22408202537034,24.0,6.0,2.0,20.0,4.0,0.48
126,15,21,0,293.8522866382542,56.0,10.0,6.0,36.0,3.0,0.3508771929824561
127,15,36,0,251.33843967856671,40.0,8.0,4.0,20.0,3.0,0.2926829268292683
128,15,1,0,210.80910782401733,42.0,6.0,5.0,30.0,3.0,0.3953488372093023
129,15,16,0,214.01875409055677,30.0,6.0,3.0,24.0,4.0,0.45161290322580644
130,15,7,0,455.64804193535826,96.0,30.0,6.0,44.0,4.0,0.24742268041237114
131,15,34,0,254.85834369016277,48.0,12.0,4.0,30.0,4.0,0.3469387755102041
132,15,22,0,323.93507490204524,72.0,18.0,6.0,36.0,4.0,0.273972602739726
133,15,37,0,185.5185295827403,28.0,5.0,3.0,26.0,4.0,0.5172413793103449
134,15,20,0,245.3520775033056,34.0,8.0,3.0,30.0,4.0,0.4857142857142857
135,16,9,0,267.89022244767,54.0,15.0,4.0,36.0,4.0,0.36363636363636365
136,16,29,0,170.84018711050277,20.0,4.0,2.0,16.0,3.0,0.47619047619047616
137,16,3,0,367.5883927291858,70.0,20.0,5.0,36.0,4.0,0.28169014084507044
138,16,37,0,163.8412949128488,28.0,5.0,3.0,26.0,4.0,0.5172413793103449
139,16,21,0,264.26641984860044,56.0,10.0,6.0,36.0,3.0,0.3508771929824561
140,16,27,0,289.43647140099495,48.0,9.0,5.0,38.0,4.0,0.42857142857142855
141,16,35,0,120.75597225129526,24.0,0.0,4.0,20.0,1.0,0.48
142,16,14,0,230.18030532988192,32.0,10.0,2.0,22.0,4.0,0.3939393939393939
143,16,13,0,311.31096463551563,68.0,16.0,6.0,40.0,4.0,0.3188405797101449
144,17,28,0,187.80963730901615,28.0,8.0,2.0,20.0,4.0,0.41379310344827586
145,17,31,0,418.83661017415096,86.0,25.0,6.0,42.0,4.0,0.26436781609195403
146,17,36,0,197.33535125209943,40.0,8.0,4.0,20.0,3.0,0.2926829268292683
147,17,26,0,147.92480424603335,20.0,4.0,2.0,14.0,3.0,0.42857142857142855
148,17,34,0,250.59969409941743,48.0,12.0,4.0,30.0,4.0,0.3469387755102041
149,17,10,0,200.7567655152033,30.0,6.0,3.0,26.0,4.0,0.4838709677419355
150,17,18,0,167.93087195670745,16.0,2.0,2.0,16.0,3.0,0.5882352941176471
151,17,35,0,138.46201277927204,24.0,0.0,4.0,20.0,1.0,0.48
152,17,21,0,238.31953869785136,56.0,10.0,6.0,36.0,3.0,0.3508771929824561
153,18,35,0,110.96013668231282,24.0,0.0,4.0,20.0,1.0,0.48
154,18,20,0,186.1260016027687,34.0,8.0,3.0,30.0,4.0,0.4857142857142857
155,18,2,0,201.7901900127882,50.0,10.0,5.0,32.0,3.0,0.35294117647058826
156,18,16,0,155.54314481445113,30.0,6.0,3.0,24.0,4.0,0.45161290322580644
157,18,23,0,305.33361929389235,54.0,9.0,6.0,38.0,4.0,0.38181818181818183
158,18,34,0,207.89652461632198,48.0,12.0,4.0,30.0,4.0,0.3469387755102041
159,18,31,0,404.5147014311378,86.0,25.0,6.0,42.0,4.0,0.26436781609195403
160,18,26,1,147.81838137104205,20.0,4.0,2.0,14.0,3.0,0.42857142857142855
161,18,11,0,267.3994830073984,40.0,8.0,4.0,28.0,3.0,0.3902439024390244
162,19,13,0,313.2918156782569,68.0,16.0,6.0,40.0,4.0,0.3188405797101449
163,19,2,0,211.5996935383402,50.0,10.0,5.0,32.0,3.0,0.35294117647058826
164,19,18,0,107.4159865961811,16.0,2.0,2.0,16.0,3.0,0.5882352941176471
165,19,33,0,214.56506742786738,34.0,8.0,3.0,28.0,4.0,0.45714285714285713
166,19,26,0,133.0802260254508,20.0,4.0,2.0,14.0,3.0,0.42857142857142855
167,19,6,0,93.44784508242891,12.0,0.0,2.0,14.0,1.0,0.6923076923076923
168,19,7,0,451.45032322587844,96.0,30.0,6.0,44.0,4.0,0.24742268041237114
169,19,4,0,151.78179687441352,16.0,2.0,2.0,14.0,3.0,0.5294117647058824
170,19,28,0,203.39670963678782,28.0,8.0,2.0,20.0,4.0,0.41379310344827586
171,20,30,0,179.18568103972453,20.0,4.0,2.0,20.0,4.0,0.5714285714285714
172,20,18,0,69.53501787323334,16.0,2.0,2.0,16.0,3.0,0.5882352941176471
173,20,10,0,237.9875595428669,30.0,6.0,3.0,26.0,4.0,0.4838709677419355
174,20,38,0,328.9358479409725,54.0,15.0,4.0,38.0,4.0,0.38181818181818183
175,20,12,0,161.5275694603747,32.0,10.0,2.0,24.0,4.0,0.42424242424242425
176,20,23,0,311.9946442595368,54.0,9.0,6.0,38.0,4.0,0.38181818181818183
177,20,15,0,302.39644315527596,54.0,15.0,4.0,38.0,4.0,0.38181818181818183
178,20,8,1,173.9146871252424,24.0,6.0,2.0,20.0,4.0,0.48
179,20,32,0,157.66576931417106,34.0,5.0,4.0,28.0,4.0,0.45714285714285713
180,21,3,0,393.6984475208987,70.0,20.0,5.0,36.0,4.0,0.28169014084507044
181,21,36,1,220.98879858515141,40.0,8.0,4.0,20.0,3.0,0.2926829268292683
182,21,15,0,329.24100664843644,54.0,15.0,4.0,38.0,4.0,0.38181818181818183
183,21,5,0,198.12367308681277,22.0,5.0,2.0,22.0,4.0,0.5652173913043478
184,21,14,0,215.9366560935494,32.0,10.0,2.0,22.0,4.0,0.3939393939393939
185,21,1,0,224.97827991224153,42.0,6.0,5.0,30.0,3.0,0.3953488372093023
186,21,9,0,272.6255146117794,54.0,15.0,4.0,36.0,4.0,0.36363636363636365
187,21,37,0,172.51169408608777,28.0,5.0,3.0,26.0,4.0,0.5172413793103449
188,21,6,0,70.91520156542659,12.0,0.0,2.0,14.0,1.0,0.6923076923076923
189,22,36,1,199.19982306283433,40.0,8.0,4.0,20.0,3.0,0.2926829268292683
190,22,10,0,197.08957563211214,30.0,6.0,3.0,26.0,4.0,0.4838709677419355
191,22,18,1,73.55129435474103,16.0,2.0,2.0,16.0,3.0,0.5882352941176471
192,22,15,0,285.99380873886577,54.0,15.0,4.0,38.0,4.0,0.38181818181818183
193,22,17,0,196.1273934781866,40.0,5.0,5.0,30.0,4.0,0.4146341463414634
194,22,37,0,169.60502844816176,28.0,5.0,3.0,26.0,4.0,0.5172413793103449
195,22,16,1,158.74196409861665,30.0,6.0,3.0,24.0,4.0,0.45161290322580644
196,22,20,0,203.83812497299377,34.0,8.0,3.0,30.0,4.0,0.4857142857142857
197,22,22,0,335.0226049243064,72.0,18.0,6.0,36.0,4.0,0.273972602739726
198,23,8,1,151.27042662299993,24.0,6.0,2.0,20.0,4.0,0.48
199,23,26,1,135.00518641203266,20.0,4.0,2.0,14.0,3.0,0.42857142857142855
200,23,36,0,193.55772147472135,40.0,8.0,4.0,20.0,3.0,0.2926829268292683
201,23,17,0,184.0519787878007,40.0,5.0,5.0,30.0,4.0,0.4146341463414634
202,23,37,0,178.5008192108992,28.0,5.0,3.0,26.0,4.0,0.5172413793103449
203,23,1,1,222.0920346341451,42.0,6.0,5.0,30.0,3.0,0.3953488372093023
204,23,29,0,134.80354516624405,20.0,4.0,2.0,16.0,3.0,0.47619047619047616
205,23,5,0,152.19490143185928,22.0,5.0,2.0,22.0,4.0,0.5652173913043478
206,23,11,0,190.3938450517429,40.0,8.0,4.0,28.0,3.0,0.3902439024390244
207,24,31,0,376.38843709464163,86.0,25.0,6.0,42.0,4.0,0.26436781609195403
208,24,19,0,224.41263590988027,52.0,8.0,6.0,32.0,3.0,0.33962264150943394
209,24,8,0,172.86876900717942,24.0,6.0,2.0,20.0,4.0,0.48
210,24,26,0,154.53879120746464,20.0,4.0,2.0,14.0,3.0,0.42857142857142855
211,24,3,0,289.9061057431766,70.0,20.0,5.0,36.0,4.0,0.28169014084507044
212,24,17,0,214.64838855623108,40.0,5.0,5.0,30.0,4.0,0.4146341463414634
213,24,4,1,135.2859609331469,16.0,2.0,2.0,14.0,3.0,0.5294117647058824
214,24,9,0,271.0465113481655,54.0,15.0,4.0,36.0,4.0,0.36363636363636365
215,24,11,0,161.78731881136636,40.0,8.0,4.0,28.0,3.0,0.3902439024390244
216,25,31,0,426.802459357821,86.0,25.0,6.0,42.0,4.0,0.26436781609195403
217,25,6,0,43.60846727893931,12.0,0.0,2.0,14.0,1.0,0.6923076923076923
218,25,13,0,286.67866571244986,68.0,16.0,6.0,40.0,4.0,0.3188405797101449
219,25,1,0,222.38419214427148,42.0,6.0,5.0,30.0,3.0,0.3953488372093023
220,25,11,0,210.90189177899683,40.0,8.0,4.0,28.0,3.0,0.3902439024390244
221,25,12,0,234.8426658235123,32.0,10.0,2.0,24.0,4.0,0.42424242424242425
222,25,22,0,362.3635972124068,72.0,18.0,6.0,36.0,4.0,0.273972602739726
223,25,24,0,212.2234056281754,32.0,10.0,2.0,24.0,4.0,0.42424242424242425
224,25,19,0,253.14393158635613,52.0,8.0,6.0,32.0,3.0,0.33962264150943394
225,26,13,0,313.5399795874796,68.0,16.0,6.0,40.0,4.0,0.3188405797101449
226,26,34,0,247.2177601946636,48.0,12.0,4.0,30.0,4.0,0.3469387755102041
227,26,17,0,213.85512987517893,40.0,5.0,5.0,30.0,4.0,0.4146341463414634
228,26,20,0,174.52453829065328,34.0,8.0,3.0,30.0,4.0,0.4857142857142857
229,26,31,0,385.42563526000583,86.0,25.0,6.0,42.0,4.0,0.26436781609195403
230,26,14,0,267.06072105571695,32.0,10.0,2.0,22.0,4.0,0.3939393939393939
231,26,6,0,153.35556499162507,12.0,0.0,2.0,14.0,1.0,0.6923076923076923
232,26,26,1,161.74489700015263,20.0,4.0,2.0,14.0,3.0,0.42857142857142855
233,26,35,1,107.7978868095923,24.0,0.0,4.0,20.0,1.0,0.48
234,27,23,0,292.94313259020015,54.0,9.0,6.0,38.0,4.0,0.38181818181818183
235,27,8,0,146.81822653492551,24.0,6.0,2.0,20.0,4.0,0.48
236,27,3,0,286.22132965380325,70.0,20.0,5.0,36.0,4.0,0.28169014084507044
237,27,14,0,218.18753502374545,32.0,10.0,2.0,22.0,4.0,0.3939393939393939
238,27,2,0,232.27214402201497,50.0,10.0,5.0,32.0,3.0,0.35294117647058826
239,27,10,1,197.33668055378027,30.0,6.0,3.0,26.0,4.0,0.4838709677419355
240,27,35,0,115.70252114336331,24.0,0.0,4.0,20.0,1.0,0.48
241,27,24,0,265.5607281393596,32.0,10.0,2.0,24.0,4.0,0.42424242424242425
242,27,5,0,144.83143338950453,22.0,5.0,2.0,22.0,4.0,0.5652173913043478
243,28,13,0,314.02341351929465,68.0,16.0,6.0,40.0,4.0,0.3188405797101449
244,28,28,0,178.72777007654196,28.0,8.0,2.0,20.0,4.0,0.41379310344827586
245,28,34,0,278.29021869944626,48.0,12.0,4.0,30.0,4.0,0.3469387755102041
246,28,37,0,150.14398435256356,28.0,5.0,3.0,26.0,4.0,0.5172413793103449
247,28,27,0,257.965217465126,48.0,9.0,5.0,38.0,4.0,0.42857142857142855
248,28,8,0,179.44516706883638,24.0,6.0,2.0,20.0,4.0,0.48
249,28,16,0,192.67628293042628,30.0,6.0,3.0,24.0,4.0,0.45161290322580644
250,28,23,0,220.82053244401692,54.0,9.0,6.0,38.0,4.0,0.38181818181818183
251,28,6,0,138.2870152458604,12.0,0.0,2.0,14.0,1.0,0.6923076923076923
252,29,13,0,329.5202346918589,68.0,16.0,6.0,40.0,4.0,0.3188405797101449
253,29,1,0,203.94897148562566,42.0,6.0,5.0,30.0,3.0,0.3953488372093023
254,29,17,0,197.22476827618064,40.0,5.0,5.0,30.0,4.0,0.4146341463414634
255,29,18,0,128.21218962473338,16.0,2.0,2.0,16.0,3.0,0.5882352941176471
256,29,33,0,226.43041043494318,34.0,8.0,3.0,28.0,4.0,0.45714285714285713
257,29,20,0,224.51628933037645,34.0,8.0,3.0,30.0,4.0,0.4857142857142857
258,29,22,0,318.2501832534386,72.0,18.0,6.0,36.0,4.0,0.273972602739726
259,29,36,0,222.64834324133,40.0,8.0,4.0,20.0,3.0,0.2926829268292683
260,29,3,0,331.2975092560478,70.0,20.0,5.0,36.0,4.0,0.28169014084507044
261,30,26,0,172.3778106874879,20.0,4.0,2.0,14.0,3.0,0.42857142857142855
262,30,35,0,75.16162621786535,24.0,0.0,4.0,20.0,1.0,0.48
263,30,19,0,253.22117957755344,52.0,8.0,6.0,32.0,3.0,0.33962264150943394
264,30,18,1,134.05374923918163,16.0,2.0,2.0,16.0,3.0,0.5882352941176471
265,30,38,0,286.092048715475,54.0,15.0,4.0,38.0,4.0,0.38181818181818183
266,30,28,0,203.1990170844627,28.0,8.0,2.0,20.0,4.0,0.41379310344827586
267,30,13,0,289.92044802904246,68.0,16.0,6.0,40.0,4.0,0.3188405797101449
268,30,23,0,229.92514453369833,54.0,9.0,6.0,38.0,4.0,0.38181818181818183
269,30,12,0,240.49330023328193,32.0,10.0,2.0,24.0,4.0,0.42424242424242425
270,31,36,1,243.09087866394245,40.0,8.0,4.0,20.0,3.0,0.2926829268292683
271,31,15,0,251.11680595080887,54.0,15.0,4.0,38.0,4.0,0.38181818181818183
272,31,18,0,145.2071591225867,16.0,2.0,2.0,16.0,3.0,0.5882352941176471
273,31,19,1,229.08029267052424,52.0,8.0,6.0,32.0,3.0,0.33962264150943394
274,31,10,0,174.86894741321504,30.0,6.0,3.0,26.0,4.0,0.4838709677419355
275,31,14,0,141.90223525930563,32.0,10.0,2.0,22.0,4.0,0.3939393939393939
276,31,31,0,387.4088667735003,86.0,25.0,6.0,42.0,4.0,0.26436781609195403
277,31,29,0,80.69587719502519,20.0,4.0,2.0,16.0,3.0,0.47619047619047616
278,31,22,0,319.5817843935302,72.0,18.0,6.0,36.0,4.0,0.273972602739726
279,32,2,0,230.97645818400608,50.0,10.0,5.0,32.0,3.0,0.35294117647058826
280,32,38,0,235.65001403581056,54.0,15.0,4.0,38.0,4.0,0.38181818181818183
281,32,4,0,139.71385831115444,16.0,2.0,2.0,14.0,3.0,0.5294117647058824
282,32,18,1,153.66310572501524,16.0,2.0,2.0,16.0,3.0,0.5882352941176471
283,32,32,0,208.51855994672908,34.0,5.0,4.0,28.0,4.0,0.45714285714285713
284,32,30,1,155.57603340662666,20.0,4.0,2.0,20.0,4.0,0.5714285714285714
285,32,6,1,50.37451087054784,12.0,0.0,2.0,14.0,1.0,0.6923076923076923
286,32,3,1,332.6848223581475,70.0,20.0,5.0,36.0,4.0,0.28169014084507044
287,32,9,0,319.41906602593497,54.0,15.0,4.0,36.0,4.0,0.36363636363636365
288,33,6,0,102.36649187358881,12.0,0.0,2.0,14.0,1.0,0.6923076923076923
289,33,22,0,317.36436831955837,72.0,18.0,6.0,36.0,4.0,0.273972602739726
290,33,17,0,180.44405681454697,40.0,5.0,5.0,30.0,4.0,0.4146341463414634
291,33,10,0,171.50861712302773,30.0,6.0,3.0,26.0,4.0,0.4838709677419355
292,33,32,0,184.8613448929229,34.0,5.0,4.0,28.0,4.0,0.45714285714285713
293,33,26,0,152.6292825083252,20.0,4.0,2.0,14.0,3.0,0.42857142857142855
294,33,13,0,339.9354903006002,68.0,16.0,6.0,40.0,4.0,0.3188405797101449
295,33,25,0,234.76804228935862,42.0,9.0,4.0,32.0,4.0,0.4186046511627907
296,33,19,0,225.10874569480455,52.0,8.0,6.0,32.0,3.0,0.33962264150943394
297,34,16,0,177.56449770341368,30.0,6.0,3.0,24.0,4.0,0.45161290322580644
298,34,14,1,239.71750731395352,32.0,10.0,2.0,22.0,4.0,0.3939393939393939
299,34,33,0,168.3245018626244,34.0,8.0,3.0,28.0,4.0,0.45714285714285713
300,34,22,0,340.3460631646771,72.0,18.0,6.0,36.0,4.0,0.273972602739726
301,34,9,0,297.7809481029997,54.0,15.0,4.0,36.0,4.0,0.36363636363636365
302,34,27,0,282.8658839739745,48.0,9.0,5.0,38.0,4.0,0.42857142857142855
303,34,10,0,193.14528301476724,30.0,6.0,3.0,26.0,4.0,0.4838709677419355
304,34,34,0,258.7275751363134,48.0,12.0,4.0,30.0,4.0,0.3469387755102041
305,34,30,1,189.54618955520695,20.0,4.0,2.0,20.0,4.0,0.5714285714285714
306,35,30,1,196.51484297361884,20.0,4.0,2.0,20.0,4.0,0.5714285714285714
307,35,32,0,174.56887964631093,34.0,5.0,4.0,28.0,4.0,0.45714285714285713
308,35,11,0,253.46790059399353,40.0,8.0,4.0,28.0,3.0,0.3902439024390244
309,35,31,0,396.9554420094203,86.0,25.0,6.0,42.0,4.0,0.26436781609195403
310,35,6,0,76.04615812733336,12.0,0.0,2.0,14.0,1.0,0.6923076923076923
311,35,33,0,164.7847326445386,34.0,8.0,3.0,28.0,4.0,0.45714285714285713
312,35,34,1,259.29976472848864,48.0,12.0,4.0,30.0,4.0,0.3469387755102041
313,35,26,0,121.1277509165994,20.0,4.0,2.0,14.0,3.0,0.42857142857142855
314,35,13,0,325.620020274924,68.0,16.0,6.0,40.0,4.0,0.3188405797101449
315,36,5,1,172.4950120576892,22.0,5.0,2.0,22.0,4.0,0.5652173913043478
316,36,26,0,154.85575138272043,20.0,4.0,2.0,14.0,3.0,0.42857142857142855
317,36,16,0,198.15507525055165,30.0,6.0,3.0,24.0,4.0,0.45161290322580644
318,36,3,0,336.26935013029697,70.0,20.0,5.0,36.0,4.0,0.28169014084507044
319,36,10,0,232.3481937556227,30.0,6.0,3.0,26.0,4.0,0.4838709677419355
320,36,7,0,450.89180917973704,96.0,30.0,6.0,44.0,4.0,0.24742268041237114
321,36,6,1,124.37368955295508,12.0,0.0,2.0,14.0,1.0,0.6923076923076923
322,36,29,0,98.50842114132864,20.0,4.0,2.0,16.0,3.0,0.47619047619047616
323,36,17,0,175.67857662145593,40.0,5.0,5.0,30.0,4.0,0.4146341463414634
324,37,14,0,210.4566489435666,32.0,10.0,2.0,22.0,4.0,0.3939393939393939
325,37,10,0,193.08693351148975,30.0,6.0,3.0,26.0,4.0,0.4838709677419355
326,37,20,0,234.146942865676,34.0,8.0,3.0,30.0,4.0,0.4857142857142857
327,37,32,0,210.85143376587337,34.0,5.0,4.0,28.0,4.0,0.45714285714285713
328,37,15,0,247.7853623447129,54.0,15.0,4.0,38.0,4.0,0.38181818181818183
329,37,26,0,136.77333173589068,20.0,4.0,2.0,14.0,3.0,0.42857142857142855
330,37,36,0,154.61143028855685,40.0,8.0,4.0,20.0,3.0,0.2926829268292683
331,37,28,0,190.0364634173895,28.0,8.0,2.0,20.0,4.0,0.41379310344827586
332,37,17,0,252.24534121277026,40.0,5.0,5.0,30.0,4.0,0.4146341463414634
333,38,6,1,85.86359063018793,12.0,0.0,2.0,14.0,1.0,0.6923076923076923
334,38,14,0,249.73322133998838,32.0,10.0,2.0,22.0,4.0,0.3939393939393939
335,38,35,0,107.32807750515798,24.0,0.0,4.0,20.0,1.0,0.48
336,38,18,0,142.07464568955533,16.0,2.0,2.0,16.0,3.0,0.5882352941176471
337,38,1,0,179.88107556210738,42.0,6.0,5.0,30.0,3.0,0.3953488372093023
338,38,16,0,232.04554584743596,30.0,6.0,3.0,24.0,4.0,0.45161290322580644
339,38,20,0,215.56601769988146,34.0,8.0,3.0,30.0,4.0,0.4857142857142857
340,38,30,0,100.75118133650854,20.0,4.0,2.0,20.0,4.0,0.5714285714285714
341,38,21,0,266.52364572474477,56.0,10.0,6.0,36.0,3.0,0.3508771929824561
342,39,20,0,179.24147750181882,34.0,8.0,3.0,30.0,4.0,0.4857142857142857
343,39,14,1,223.2576047688714,32.0,10.0,2.0,22.0,4.0,0.3939393939393939
344,39,15,0,270.84709180253907,54.0,15.0,4.0,38.0,4.0,0.38181818181818183
345,39,3,0,323.8295343049392,70.0,20.0,5.0,36.0,4.0,0.28169014084507044
346,39,1,0,188.8932999062055,42.0,6.0,5.0,30.0,3.0,0.3953488372093023
347,39,9,0,232.06880359049703,54.0,15.0,4.0,36.0,4.0,0.36363636363636365
348,39,21,0,227.010009493114,56.0,10.0,6.0,36.0,3.0,0.3508771929824561
349,39,24,0,198.4353169336802,32.0,10.0,2.0,24.0,4.0,0.42424242424242425
350,39,10,0,165.31747125318338,30.0,6.0,3.0,26.0,4.0,0.4838709677419355
351,40,6,0,104.86745061856224,12.0,0.0,2.0,14.0,1.0,0.6923076923076923
352,40,25,0,240.1608141437756,42.0,9.0,4.0,32.0,4.0,0.4186046511627907
353,40,34,0,243.29624984773707,48.0,12.0,4.0,30.0,4.0,0.3469387755102041
354,40,9,0,296.4878813618782,54.0,15.0,4.0,36.0,4.0,0.36363636363636365
355,40,26,1,125.42921025874891,20.0,4.0,2.0,14.0,3.0,0.42857142857142855
356,40,36,0,199.72668901798164,40.0,8.0,4.0,20.0,3.0,0.2926829268292683
357,40,18,0,143.96973843803562,16.0,2.0,2.0,16.0,3.0,0.5882352941176471
358,40,16,0,159.06826835041602,30.0,6.0,3.0,24.0,4.0,0.45161290322580644
359,40,30,0,163.39309923654153,20.0,4.0,2.0,20.0,4.0,0.5714285714285714
360,41,19,0,235.8659824014278,52.0,8.0,6.0,32.0,3.0,0.33962264150943394
361,41,3,0,309.78871894552907,70.0,20.0,5.0,36.0,4.0,0.28169014084507044
362,41,23,0,179.27644787747857,54.0,9.0,6.0,38.0,4.0,0.38181818181818183
363,41,30,0,186.9546590379919,20.0,4.0,2.0,20.0,4.0,0.5714285714285714
364,41,29,0,136.61893568560635,20.0,4.0,2.0,16.0,3.0,0.47619047619047616
365,41,13,0,270.60879124265205,68.0,16.0,6.0,40.0,4.0,0.3188405797101449
366,41,12,0,219.34405500868056,32.0,10.0,2.0,24.0,4.0,0.42424242424242425
367,41,37,0,224.48631506001263,28.0,5.0,3.0,26.0,4.0,0.5172413793103449
368,41,28,0,181.70407228055703,28.0,8.0,2.0,20.0,4.0,0.41379310344827586
369,42,10,0,156.36755775236216,30.0,6.0,3.0,26.0,4.0,0.4838709677419355
370,42,33,1,187.1022286966152,34.0,8.0,3.0,28.0,4.0,0.45714285714285713
371,42,25,0,210.5284885518601,42.0,9.0,4.0,32.0,4.0,0.4186046511627907
372,42,20,0,212.08112476723525,34.0,8.0,3.0,30.0,4.0,0.4857142857142857
373,42,15,0,259.5865623087148,54.0,15.0,4.0,38.0,4.0,0.38181818181818183
374,42,24,0,195.23452584267386,32.0,10.0,2.0,24.0,4.0,0.42424242424242425
375,42,13,0,300.9915716533639,68.0,16.0,6.0,40.0,4.0,0.3188405797101449
376,42,35,0,162.65789199442446,24.0,0.0,4.0,20.0,1.0,0.48
377,42,4,0,95.78656155989778,16.0,2.0,2.0,14.0,3.0,0.5294117647058824
378,43,8,0,231.03427426326024,24.0,6.0,2.0,20.0,4.0,0.48
379,43,11,0,221.47467699765826,40.0,8.0,4.0,28.0,3.0,0.3902439024390244
380,43,37,0,237.41343838256702,28.0,5.0,3.0,26.0,4.0,0.5172413793103449
381,43,18,0,126.81564923804376,16.0,2.0,2.0,16.0,3.0,0.5882352941176471
382,43,24,0,200.38528964044204,32.0,10.0,2.0,24.0,4.0,0.42424242424242425
383,43,6,1,104.36601631679302,12.0,0.0,2.0,14.0,1.0,0.6923076923076923
384,43,5,0,113.74042851162648,22.0,5.0,2.0,22.0,4.0,0.5652173913043478
385,43,31,0,405.25868910244503,86.0,25.0,6.0,42.0,4.0,0.26436781609195403
386,43,12,0,220.0087639601689,32.0,10.0,2.0,24.0,4.0,0.42424242424242425
387,44,16,0,221.03376048265142,30.0,6.0,3.0,24.0,4.0,0.45161290322580644
388,44,34,0,265.3674129695854,48.0,12.0,4.0,30.0,4.0,0.3469387755102041
389,44,17,0,209.15017583006272,40.0,5.0,5.0,30.0,4.0,0.4146341463414634
390,44,19,0,253.92447423105534,52.0,8.0,6.0,32.0,3.0,0.33962264150943394
391,44,3,0,310.4777512820685,70.0,20.0,5.0,36.0,4.0,0.28169014084507044
392,44,1,0,191.14510996021932,42.0,6.0,5.0,30.0,3.0,0.3953488372093023
393,44,20,0,216.95396718306785,34.0,8.0,3.0,30.0,4.0,0.4857142857142857
394,44,14,0,137.69402470420548,32.0,10.0,2.0,22.0,4.0,0.3939393939393939
395,44,25,0,188.4137919232676,42.0,9.0,4.0,32.0,4.0,0.4186046511627907
396,45,37,0,206.128537191066,28.0,5.0,3.0,26.0,4.0,0.5172413793103449
397,45,31,0,390.67249843892415,86.0,25.0,6.0,42.0,4.0,0.26436781609195403
398,45,16,0,194.50045939485048,30.0,6.0,3.0,24.0,4.0,0.45161290322580644
399,45,20,0,188.13934848544963,34.0,8.0,3.0,30.0,4.0,0.4857142857142857
400,45,29,0,187.59118655202946,20.0,4.0,2.0,16.0,3.0,0.47619047619047616
401,45,33,0,223.39756487233967,34.0,8.0,3.0,28.0,4.0,0.45714285714285713
402,45,5,0,163.91835736563584,22.0,5.0,2.0,22.0,4.0,0.5652173913043478
403,45,12,0,233.79157871479794,32.0,10.0,2.0,24.0,4.0,0.42424242424242425
404,45,34,0,266.1648911741507,48.0,12.0,4.0,30.0,4.0,0.3469387755102041
405,46,1,0,241.06444955692348,42.0,6.0,5.0,30.0,3.0,0.3953488372093023
406,46,34,0,237.2742963884758,48.0,12.0,4.0,30.0,4.0,0.3469387755102041
407,46,29,1,180.98294292450632,20.0,4.0,2.0,16.0,3.0,0.47619047619047616
408,46,5,0,167.61721227663475,22.0,5.0,2.0,22.0,4.0,0.5652173913043478
409,46,7,0,480.53594849058925,96.0,30.0,6.0,44.0,4.0,0.24742268041237114
410,46,23,0,248.75018009039053,54.0,9.0,6.0,38.0,4.0,0.38181818181818183
411,46,21,0,302.07229477505086,56.0,10.0,6.0,36.0,3.0,0.3508771929824561
412,46,9,0,300.44023503629944,54.0,15.0,4.0,36.0,4.0,0.36363636363636365
413,46,35,0,91.26598809872239,24.0,0.0,4.0,20.0,1.0,0.48
414,47,31,0,407.5324765049378,86.0,25.0,6.0,42.0,4.0,0.26436781609195403
415,47,8,1,151.90358916886206,24.0,6.0,2.0,20.0,4.0,0.48
416,47,9,0,258.4092889910266,54.0,15.0,4.0,36.0,4.0,0.36363636363636365
417,47,22,0,348.1980079252108,72.0,18.0,6.0,36.0,4.0,0.273972602739726
418,47,33,0,207.82661761061115,34.0,8.0,3.0,28.0,4.0,0.45714285714285713
419,47,28,0,219.7267597586169,28.0,8.0,2.0,20.0,4.0,0.41379310344827586
420,47,24,0,193.05669624513698,32.0,10.0,2.0,24.0,4.0,0.42424242424242425
421,47,7,0,452.57229240239906,96.0,30.0,6.0,44.0,4.0,0.24742268041237114
422,47,4,0,151.19788384990576,16.0,2.0,2.0,14.0,3.0,0.5294117647058824
423,48,12,0,255.35711031880973,32.0,10.0,2.0,24.0,4.0,0.42424242424242425
424,48,9,0,309.23138784631294,54.0,15.0,4.0,36.0,4.0,0.36363636363636365
425,48,13,0,302.78082624925634,68.0,16.0,6.0,40.0,4.0,0.3188405797101449
426,48,7,0,430.0037306947994,96.0,30.0,6.0,44.0,4.0,0.24742268041237114
427,48,8,0,204.15736494396154,24.0,6.0,2.0,20.0,4.0,0.48
428,48,32,0,225.840326112772,34.0,5.0,4.0,28.0,4.0,0.45714285714285713
429,48,22,0,360.32398095514304,72.0,18.0,6.0,36.0,4.0,0.273972602739726
430,48,1,0,203.5439950251701,42.0,6.0,5.0,30.0,3.0,0.3953488372093023
431,48,6,0,75.9122723886253,12.0,0.0,2.0,14.0,1.0,0.6923076923076923
432,49,6,0,39.18274247860434,12.0,0.0,2.0,14.0,1.0,0.6923076923076923
433,49,19,0,220.20269210766324,52.0,8.0,6.0,32.0,3.0,0.33962264150943394
434,49,2,0,234.24006012734193,50.0,10.0,5.0,32.0,3.0,0.35294117647058826
435,49,12,0,221.38218374768468,32.0,10.0,2.0,24.0,4.0,0.42424242424242425
436,49,21,0,244.70379788950964,56.0,10.0,6.0,36.0,3.0,0.3508771929824561
437,49,32,1,221.50193907969745,34.0,5.0,4.0,28.0,4.0,0.45714285714285713
438,49,35,1,97.22473543340658,24.0,0.0,4.0,20.0,1.0,0.48
439,49,34,0,258.0233627016565,48.0,12.0,4.0,30.0,4.0,0.3469387755102041
440,49,27,0,252.5625381236456,48.0,9.0,5.0,38.0,4.0,0.42857142857142855
441,50,11,0,272.47211552189106,40.0,8.0,4.0,28.0,3.0,0.3902439024390244
442,50,22,0,299.368960313452,72.0,18.0,6.0,36.0,4.0,0.273972602739726
443,50,26,0,137.87597336075993,20.0,4.0,2.0,14.0,3.0,0.42857142857142855
444,50,28,0,185.88454147493147,28.0,8.0,2.0,20.0,4.0,0.41379310344827586
445,50,5,0,150.2108655439576,22.0,5.0,2.0,22.0,4.0,0.5652173913043478
446,50,1,0,195.4786689708803,42.0,6.0,5.0,30.0,3.0,0.3953488372093023
447,50,33,0,204.63386387566862,34.0,8.0,3.0,28.0,4.0,0.45714285714285713
448,50,4,0,140.21747152786608,16.0,2.0,2.0,14.0,3.0,0.5294117647058824
449,50,10,0,219.13105426425412,30.0,6.0,3.0,26.0,4.0,0.4838709677419355
450,51,4,0,128.32928975987454,16.0,2.0,2.0,14.0,3.0,0.5294117647058824
451,51,3,0,362.84067617630353,70.0,20.0,5.0,36.0,4.0,0.28169014084507044
452,51,22,0,351.1337722938276,72.0,18.0,6.0,36.0,4.0,0.273972602739726
453,51,21,0,246.85206883781092,56.0,10.0,6.0,36.0,3.0,0.3508771929824561
454,51,10,0,152.43403850622857,30.0,6.0,3.0,26.0,4.0,0.4838709677419355
455,51,27,0,292.21050140039927,48.0,9.0,5.0,38.0,4.0,0.42857142857142855
456,51,30,0,109.93634808194541,20.0,4.0,2.0,20.0,4.0,0.5714285714285714
457,51,11,0,191.23093273936124,40.0,8.0,4.0,28.0,3.0,0.3902439024390244
458,51,34,0,204.68089064294028,48.0,12.0,4.0,30.0,4.0,0.3469387755102041
459,52,16,0,199.01179265282818,30.0,6.0,3.0,24.0,4.0,0.45161290322580644
460,52,18,0,108.1327187554827,16.0,2.0,2.0,16.0,3.0,0.5882352941176471
461,52,31,0,412.40166374431203,86.0,25.0,6.0,42.0,4.0,0.26436781609195403
462,52,29,0,157.3403654397558,20.0,4.0,2.0,16.0,3.0,0.47619047619047616
463,52,32,0,211.26728296447934,34.0,5.0,4.0,28.0,4.0,0.45714285714285713
464,52,1,0,209.75142098859695,42.0,6.0,5.0,30.0,3.0,0.3953488372093023
465,52,33,0,171.18880329861835,34.0,8.0,3.0,28.0,4.0,0.45714285714285713
466,52,30,0,143.23925388444894,20.0,4.0,2.0,20.0,4.0,0.5714285714285714
467,52,15,0,280.83970094926127,54.0,15.0,4.0,38.0,4.0,0.38181818181818183
468,53,27,0,260.3066741449147,48.0,9.0,5.0,38.0,4.0,0.42857142857142855
469,53,32,0,192.88603861429615,34.0,5.0,4.0,28.0,4.0,0.45714285714285713
470,53,34,0,240.04235282371087,48.0,12.0,4.0,30.0,4.0,0.3469387755102041
471,53,13,0,313.40152863071336,68.0,16.0,6.0,40.0,4.0,0.3188405797101449
472,53,29,0,141.09749479155883,20.0,4.0,2.0,16.0,3.0,0.47619047619047616
473,53,38,0,300.4782063319166,54.0,15.0,4.0,38.0,4.0,0.38181818181818183
474,53,14,0,209.60694972369376,32.0,10.0,2.0,22.0,4.0,0.3939393939393939
475,53,31,0,376.27379623884076,86.0,25.0,6.0,42.0,4.0,0.26436781609195403
476,53,30,0,161.46588839371927,20.0,4.0,2.0,20.0,4.0,0.5714285714285714
477,54,38,0,276.2887444744005,54.0,15.0,4.0,38.0,4.0,0.38181818181818183
478,54,30,0,181.11486610681143,20.0,4.0,2.0,20.0,4.0,0.5714285714285714
479,54,21,0,221.27127602604287,56.0,10.0,6.0,36.0,3.0,0.3508771929824561
480,54,24,0,188.584382544223,32.0,10.0,2.0,24.0,4.0,0.42424242424242425
481,54,19,0,227.39664667859049,52.0,8.0,6.0,32.0,3.0,0.33962264150943394
482,54,11,0,186.9500772902322,40.0,8.0,4.0,28.0,3.0,0.3902439024390244
483,54,16,0,152.24842277433285,30.0,6.0,3.0,24.0,4.0,0.45161290322580644
484,54,1,1,184.6731080168769,42.0,6.0,5.0,30.0,3.0,0.3953488372093023
485,54,10,0,207.33863431007995,30.0,6.0,3.0,26.0,4.0,0.4838709677419355
486,55,19,0,242.58080752232672,52.0,8.0,6.0,32.0,3.0,0.33962264150943394
487,55,7,0,452.30716320786746,96.0,30.0,6.0,44.0,4.0,0.24742268041237114
488,55,2,0,242.6751374657081,50.0,10.0,5.0,32.0,3.0,0.35294117647058826
489,55,14,0,240.0869652130563,32.0,10.0,2.0,22.0,4.0,0.3939393939393939
490,55,13,0,332.96497046011206,68.0,16.0,6.0,40.0,4.0,0.3188405797101449
491,55,17,0,170.00519824663957,40.0,5.0,5.0,30.0,4.0,0.4146341463414634
492,55,12,1,192.35174042180364,32.0,10.0,2.0,24.0,4.0,0.42424242424242425
493,55,28,0,197.84952827748535,28.0,8.0,2.0,20.0,4.0,0.41379310344827586
494,55,22,0,311.19835632910684,72.0,18.0,6.0,36.0,4.0,0.273972602739726
495,56,2,0,277.6779255851238,50.0,10.0,5.0,32.0,3.0,0.35294117647058826
496,56,3,0,328.8199693853902,70.0,20.0,5.0,36.0,4.0,0.28169014084507044
497,56,32,0,146.0562694747053,34.0,5.0,4.0,28.0,4.0,0.45714285714285713
498,56,1,0,175.57750232525729,42.0,6.0,5.0,30.0,3.0,0.3953488372093023
499,56,20,0,163.61179493877552,34.0,8.0,3.0,30.0,4.0,0.4857142857142857
500,56,9,0,288.60187018255,54.0,15.0,4.0,36.0,4.0,0.36363636363636365
501,56,30,0,145.93753269672735,20.0,4.0,2.0,20.0,4.0,0.5714285714285714
502,56,29,1,190.80067542582097,20.0,4.0,2.0,16.0,3.0,0.47619047619047616
503,56,25,0,243.27637479044725,42.0,9.0,4.0,32.0,4.0,0.4186046511627907
504,57,15,0,287.8259716122123,54.0,15.0,4.0,38.0,4.0,0.38181818181818183
505,57,9,0,327.441253402977,54.0,15.0,4.0,36.0,4.0,0.36363636363636365
506,57,3,0,320.35041312438915,70.0,20.0,5.0,36.0,4.0,0.28169014084507044
507,57,26,1,143.5169271772952,20.0,4.0,2.0,14.0,3.0,0.42857142857142855
508,57,6,0,126.50454736325733,12.0,0.0,2.0,14.0,1.0,0.6923076923076923
509,57,8,0,203.65865464276573,24.0,6.0,2.0,20.0,4.0,0.48
510,57,34,0,271.97221448483754,48.0,12.0,4.0,30.0,4.0,0.3469387755102041
511,57,23,0,248.89243094956618,54.0,9.0,6.0,38.0,4.0,0.38181818181818183
512,57,5,1,177.98761091968035,22.0,5.0,2.0,22.0,4.0,0.5652173913043478
513,58,32,0,201.9327674111724,34.0,5.0,4.0,28.0,4.0,0.45714285714285713
514,58,17,0,232.21059526013485,40.0,5.0,5.0,30.0,4.0,0.4146341463414634
515,58,2,0,256.3271359366289,50.0,10.0,5.0,32.0,3.0,0.35294117647058826
516,58,19,0,251.35305066652631,52.0,8.0,6.0,32.0,3.0,0.33962264150943394
517,58,11,0,213.60762693008698,40.0,8.0,4.0,28.0,3.0,0.3902439024390244
518,58,30,0,149.73626766838294,20.0,4.0,2.0,20.0,4.0,0.5714285714285714
519,58,9,0,304.28571460472773,54.0,15.0,4.0,36.0,4.0,0.36363636363636365
520,58,21,0,268.53400930194795,56.0,10.0,6.0,36.0,3.0,0.3508771929824561
521,58,10,0,196.24729495475765,30.0,6.0,3.0,26.0,4.0,0.4838709677419355
522,59,17,0,197.22286705810413,40.0,5.0,5.0,30.0,4.0,0.4146341463414634
523,59,5,0,206.85896158813105,22.0,5.0,2.0,22.0,4.0,0.5652173913043478
524,59,1,0,230.82401943233384,42.0,6.0,5.0,30.0,3.0,0.3953488372093023
525,59,31,0,355.66427912446574,86.0,25.0,6.0,42.0,4.0,0.26436781609195403
526,59,30,0,137.58776303861586,20.0,4.0,2.0,20.0,4.0,0.5714285714285714
527,59,24,0,196.9250391493393,32.0,10.0,2.0,24.0,4.0,0.42424242424242425
528,59,12,0,218.58665094687495,32.0,10.0,2.0,24.0,4.0,0.42424242424242425
529,59,2,1,292.4896269354131,50.0,10.0,5.0,32.0,3.0,0.35294117647058826
530,59,6,0,99.02214792495667,12.0,0.0,2.0,14.0,1.0,0.6923076923076923
531,60,5,0,146.98080699936935,22.0,5.0,2.0,22.0,4.0,0.5652173913043478
532,60,32,0,177.59640642322066,34.0,5.0,4.0,28.0,4.0,0.45714285714285713
533,60,25,0,215.6137132033349,42.0,9.0,4.0,32.0,4.0,0.4186046511627907
534,60,29,0,161.6023359722362,20.0,4.0,2.0,16.0,3.0,0.47619047619047616
535,60,6,1,92.9885859897158,12.0,0.0,2.0,14.0,1.0,0.6923076923076923
536,60,19,0,234.37558778608073,52.0,8.0,6.0,32.0,3.0,0.33962264150943394
537,60,23,0,279.33254959737303,54.0,9.0,6.0,38.0,4.0,0.38181818181818183
538,60,35,1,164.75896409501937,24.0,0.0,4.0,20.0,1.0,0.48
539,60,33,0,201.78938057849967,34.0,8.0,3.0,28.0,4.0,0.45714285714285713
540,61,30,0,122.32078160434399,20.0,4.0,2.0,20.0,4.0,0.5714285714285714
541,61,1,0,178.09592439631876,42.0,6.0,5.0,30.0,3.0,0.3953488372093023
542,61,19,1,249.59292756599035,52.0,8.0,6.0,32.0,3.0,0.33962264150943394
543,61,20,0,183.07568072219306,34.0,8.0,3.0,30.0,4.0,0.4857142857142857
544,61,34,0,226.7500275709522,48.0,12.0,4.0,30.0,4.0,0.3469387755102041
545,61,25,0,239.71774173037485,42.0,9.0,4.0,32.0,4.0,0.4186046511627907
546,61,3,0,348.0962972074268,70.0,20.0,5.0,36.0,4.0,0.28169014084507044
547,61,8,0,213.93818610698673,24.0,6.0,2.0,20.0,4.0,0.48
548,61,15,0,290.18577981422936,54.0,15.0,4.0,38.0,4.0,0.38181818181818183
549,62,1,0,173.37733292550786,42.0,6.0,5.0,30.0,3.0,0.3953488372093023
550,62,31,0,386.81857008574394,86.0,25.0,6.0,42.0,4.0,0.26436781609195403
551,62,34,0,264.026258032934,48.0,12.0,4.0,30.0,4.0,0.3469387755102041
552,62,11,0,221.904379580764,40.0,8.0,4.0,28.0,3.0,0.3902439024390244
553,62,19,0,226.3380908048922,52.0,8.0,6.0,32.0,3.0,0.33962264150943394
554,62,37,0,137.11132043626662,28.0,5.0,3.0,26.0,4.0,0.5172413793103449
555,62,27,0,211.75615986602435,48.0,9.0,5.0,38.0,4.0,0.42857142857142855
556,62,35,0,176.49862550679882,24.0,0.0,4.0,20.0,1.0,0.48
557,62,36,0,189.34558497629467,40.0,8.0,4.0,20.0,3.0,0.2926829268292683
558,63,34,0,244.91868075265256,48.0,12.0,4.0,30.0,4.0,0.3469387755102041
559,63,1,0,199.4890852341628,42.0,6.0,5.0,30.0,3.0,0.3953488372093023
560,63,35,1,56.59743570431104,24.0,0.0,4.0,20.0,1.0,0.48
561,63,4,0,159.15854691391755,16.0,2.0,2.0,14.0,3.0,0.5294117647058824
562,63,26,0,127.01038573373641,20.0,4.0,2.0,14.0,3.0,0.42857142857142855
563,63,3,0,287.29952989712353,70.0,20.0,5.0,36.0,4.0,0.28169014084507044
564,63,19,0,261.7791652442345,52.0,8.0,6.0,32.0,3.0,0.33962264150943394
565,63,14,0,243.18464606502891,32.0,10.0,2.0,22.0,4.0,0.3939393939393939
566,63,11,0,186.99316163623618,40.0,8.0,4.0,28.0,3.0,0.3902439024390244
567,64,11,0,252.2832758651846,40.0,8.0,4.0,28.0,3.0,0.3902439024390244
568,64,6,0,103.70650492779791,12.0,0.0,2.0,14.0,1.0,0.6923076923076923
569,64,1,0,181.55169870580772,42.0,6.0,5.0,30.0,3.0,0.3953488372093023
570,64,19,0,231.49342274461856,52.0,8.0,6.0,32.0,3.0,0.33962264150943394
571,64,7,0,413.81268338982244,96.0,30.0,6.0,44.0,4.0,0.24742268041237114
572,64,21,1,297.60806419329185,56.0,10.0,6.0,36.0,3.0,0.3508771929824561
573,64,22,0,351.6913428880096,72.0,18.0,6.0,36.0,4.0,0.273972602739726
574,64,33,0,211.69263501560172,34.0,8.0,3.0,28.0,4.0,0.45714285714285713
575,64,12,1,218.7444965020891,32.0,10.0,2.0,24.0,4.0,0.42424242424242425
576,65,35,0,143.66903514238896,24.0,0.0,4.0,20.0,1.0,0.48
577,65,1,0,202.1360877343881,42.0,6.0,5.0,30.0,3.0,0.3953488372093023
578,65,23,0,225.03289706586057,54.0,9.0,6.0,38.0,4.0,0.38181818181818183
579,65,25,0,195.37839585331506,42.0,9.0,4.0,32.0,4.0,0.4186046511627907
580,65,9,0,223.33569469941767,54.0,15.0,4.0,36.0,4.0,0.36363636363636365
581,65,20,0,168.37451467563284,34.0,8.0,3.0,30.0,4.0,0.4857142857142857
582,65,12,0,213.74020454017068,32.0,10.0,2.0,24.0,4.0,0.42424242424242425
583,65,29,0,156.4165760978074,20.0,4.0,2.0,16.0,3.0,0.47619047619047616
584,65,38,0,247.39123924337287,54.0,15.0,4.0,38.0,4.0,0.38181818181818183
585,66,23,1,246.09785376071787,54.0,9.0,6.0,38.0,4.0,0.38181818181818183
586,66,9,0,292.10220716564106,54.0,15.0,4.0,36.0,4.0,0.36363636363636365
587,66,12,1,235.5682767641094,32.0,10.0,2.0,24.0,4.0,0.42424242424242425
588,66,34,0,274.78914084218434,48.0,12.0,4.0,30.0,4.0,0.3469387755102041
589,66,15,0,280.5597243258943,54.0,15.0,4.0,38.0,4.0,0.38181818181818183
590,66,1,0,228.27504481272996,42.0,6.0,5.0,30.0,3.0,0.3953488372093023
591,66,35,1,121.03154685921433,24.0,0.0,4.0,20.0,1.0,0.48
592,66,6,1,90.4268920228352,12.0,0.0,2.0,14.0,1.0,0.6923076923076923
593,66,13,0,322.4715674349069,68.0,16.0,6.0,40.0,4.0,0.3188405797101449
594,67,28,0,142.0169513978398,28.0,8.0,2.0,20.0,4.0,0.41379310344827586
595,67,16,0,203.42179789682152,30.0,6.0,3.0,24.0,4.0,0.45161290322580644
596,67,5,0,160.50545292296184,22.0,5.0,2.0,22.0,4.0,0.5652173913043478
597,67,2,0,214.20098625737742,50.0,10.0,5.0,32.0,3.0,0.35294117647058826
598,67,31,0,405.48858415953384,86.0,25.0,6.0,42.0,4.0,0.26436781609195403
599,67,13,0,315.2469281788943,68.0,16.0,6.0,40.0,4.0,0.3188405797101449
600,67,37,0,179.90771288027344,28.0,5.0,3.0,26.0,4.0,0.5172413793103449
601,67,15,0,244.01447276690152,54.0,15.0,4.0,38.0,4.0,0.38181818181818183
602,67,26,1,91.94261088050645,20.0,4.0,2.0,14.0,3.0,0.42857142857142855
603,68,8,0,182.17346471165772,24.0,6.0,2.0,20.0,4.0,0.48
604,68,29,1,163.93608286296148,20.0,4.0,2.0,16.0,3.0,0.47619047619047616
605,68,3,0,328.0250597587587,70.0,20.0,5.0,36.0,4.0,0.28169014084507044
606,68,16,0,166.0045756367234,30.0,6.0,3.0,24.0,4.0,0.45161290322580644
607,68,24,0,189.98446924902152,32.0,10.0,2.0,24.0,4.0,0.42424242424242425
608,68,38,0,286.55407731197664,54.0,15.0,4.0,38.0,4.0,0.38181818181818183
609,68,2,0,254.8731407316951,50.0,10.0,5.0,32.0,3.0,0.35294117647058826
610,68,14,0,180.41783490549537,32.0,10.0,2.0,22.0,4.0,0.3939393939393939
611,68,5,0,159.42039295680684,22.0,5.0,2.0,22.0,4.0,0.5652173913043478
612,69,7,0,477.06541952652475,96.0,30.0,6.0,44.0,4.0,0.24742268041237114
613,69,29,0,187.13503502200095,20.0,4.0,2.0,16.0,3.0,0.47619047619047616
614,69,3,0,284.88808951322017,70.0,20.0,5.0,36.0,4.0,0.28169014084507044
615,69,20,0,216.39956526738177,34.0,8.0,3.0,30.0,4.0,0.4857142857142857
616,69,31,0,412.8716477977704,86.0,25.0,6.0,42.0,4.0,0.26436781609195403
617,69,12,0,203.49447543922506,32.0,10.0,2.0,24.0,4.0,0.42424242424242425
618,69,14,1,244.0707041431176,32.0,10.0,2.0,22.0,4.0,0.3939393939393939
619,69,6,0,129.00194145043582,12.0,0.0,2.0,14.0,1.0,0.6923076923076923
620,69,30,1,158.32042980304837,20.0,4.0,2.0,20.0,4.0,0.5714285714285714
621,70,32,0,168.75469422252726,34.0,5.0,4.0,28.0,4.0,0.45714285714285713
622,70,28,0,194.68968104459495,28.0,8.0,2.0,20.0,4.0,0.41379310344827586
623,70,15,0,272.67132559775115,54.0,15.0,4.0,38.0,4.0,0.38181818181818183
624,70,5,0,175.31932828058927,22.0,5.0,2.0,22.0,4.0,0.5652173913043478
625,70,36,0,182.06271106560456,40.0,8.0,4.0,20.0,3.0,0.2926829268292683
626,70,6,0,122.05228962092345,12.0,0.0,2.0,14.0,1.0,0.6923076923076923
627,70,35,1,102.45219456831619,24.0,0.0,4.0,20.0,1.0,0.48
628,70,22,0,352.3453265524789,72.0,18.0,6.0,36.0,4.0,0.273972602739726
629,70,18,0,114.08625931539682,16.0,2.0,2.0,16.0,3.0,0.5882352941176471
630,71,3,0,348.5329743386249,70.0,20.0,5.0,36.0,4.0,0.28169014084507044
631,71,33,0,230.97778394673912,34.0,8.0,3.0,28.0,4.0,0.45714285714285713
632,71,38,0,290.2608413564478,54.0,15.0,4.0,38.0,4.0,0.38181818181818183
633,71,7,0,437.17476807216093,96.0,30.0,6.0,44.0,4.0,0.24742268041237114
634,71,15,0,288.825715017789,54.0,15.0,4.0,38.0,4.0,0.38181818181818183
635,71,16,0,211.62518194934142,30.0,6.0,3.0,24.0,4.0,0.45161290322580644
636,71,14,0,206.3146554135595,32.0,10.0,2.0,22.0,4.0,0.3939393939393939
637,71,35,0,128.97258195410254,24.0,0.0,4.0,20.0,1.0,0.48
638,71,24,0,199.64269134013875,32.0,10.0,2.0,24.0,4.0,0.42424242424242425
639,72,6,1,78.62470358691122,12.0,0.0,2.0,14.0,1.0,0.6923076923076923
640,72,25,0,219.05838632770704,42.0,9.0,4.0,32.0,4.0,0.4186046511627907
641,72,16,0,219.57151350428524,30.0,6.0,3.0,24.0,4.0,0.45161290322580644
642,72,32,1,224.68006740859983,34.0,5.0,4.0,28.0,4.0,0.45714285714285713
643,72,19,0,230.9246744379624,52.0,8.0,6.0,32.0,3.0,0.33962264150943394
644,72,36,0,199.58622173276663,40.0,8.0,4.0,20.0,3.0,0.2926829268292683
645,72,7,0,478.7033241295887,96.0,30.0,6.0,44.0,4.0,0.24742268041237114
646,72,22,0,312.6760128600716,72.0,18.0,6.0,36.0,4.0,0.273972602739726
647,72,28,0,204.37073183141243,28.0,8.0,2.0,20.0,4.0,0.41379310344827586
648,73,14,0,228.74005619903983,32.0,10.0,2.0,22.0,4.0,0.3939393939393939
649,73,19,0,237.0613966058418,52.0,8.0,6.0,32.0,3.0,0.33962264150943394
650,73,7,0,428.7394681607152,96.0,30.0,6.0,44.0,4.0,0.24742268041237114
651,73,24,0,254.31432567703473,32.0,10.0,2.0,24.0,4.0,0.42424242424242425
652,73,18,0,152.68535520842116,16.0,2.0,2.0,16.0,3.0,0.5882352941176471
653,73,11,0,221.2600306101527,40.0,8.0,4.0,28.0,3.0,0.3902439024390244
654,73,34,0,212.7816603930878,48.0,12.0,4.0,30.0,4.0,0.3469387755102041
655,73,2,1,206.79587247575023,50.0,10.0,5.0,32.0,3.0,0.35294117647058826
656,73,20,0,188.99784955272406,34.0,8.0,3.0,30.0,4.0,0.4857142857142857
657,74,5,1,144.82067868907248,22.0,5.0,2.0,22.0,4.0,0.5652173913043478
658,74,14,0,210.62853054071715,32.0,10.0,2.0,22.0,4.0,0.3939393939393939
659,74,10,0,154.44581478456624,30.0,6.0,3.0,26.0,4.0,0.4838709677419355
660,74,32,0,186.57962987693958,34.0,5.0,4.0,28.0,4.0,0.45714285714285713
661,74,38,0,302.56748870642787,54.0,15.0,4.0,38.0,4.0,0.38181818181818183
662,74,21,0,239.61584367593966,56.0,10.0,6.0,36.0,3.0,0.3508771929824561
663,74,18,0,104.49847076641703,16.0,2.0,2.0,16.0,3.0,0.5882352941176471
664,74,1,0,227.6887964284331,42.0,6.0,5.0,30.0,3.0,0.3953488372093023
665,74,6,1,75.42425869427619,12.0,0.0,2.0,14.0,1.0,0.6923076923076923
666,75,26,0,113.68409084242754,20.0,4.0,2.0,14.0,3.0,0.42857142857142855
667,75,34,0,259.2572815578638,48.0,12.0,4.0,30.0,4.0,0.3469387755102041
668,75,25,1,232.61255616413013,42.0,9.0,4.0,32.0,4.0,0.4186046511627907
669,75,21,1,220.57696035031074,56.0,10.0,6.0,36.0,3.0,0.3508771929824561
670,75,20,0,230.93565631504381,34.0,8.0,3.0,30.0,4.0,0.4857142857142857
671,75,37,0,152.44859854926236,28.0,5.0,3.0,26.0,4.0,0.5172413793103449
672,75,28,0,223.2212552965131,28.0,8.0,2.0,20.0,4.0,0.41379310344827586
673,75,15,0,299.5827468792924,54.0,15.0,4.0,38.0,4.0,0.38181818181818183
674,75,32,0,191.90830513844827,34.0,5.0,4.0,28.0,4.0,0.45714285714285713
675,76,30,0,150.58719157012203,20.0,4.0,2.0,20.0,4.0,0.5714285714285714
676,76,26,0,200.66696888816563,20.0,4.0,2.0,14.0,3.0,0.42857142857142855
677,76,37,0,168.9903031445938,28.0,5.0,3.0,26.0,4.0,0.5172413793103449
678,76,5,0,168.14056203046778,22.0,5.0,2.0,22.0,4.0,0.5652173913043478
679,76,3,0,344.0862971668325,70.0,20.0,5.0,36.0,4.0,0.28169014084507044
680,76,32,0,212.56553379031948,34.0,5.0,4.0,28.0,4.0,0.45714285714285713
681,76,9,0,245.5041923698241,54.0,15.0,4.0,36.0,4.0,0.36363636363636365
682,76,11,0,194.2124674649628,40.0,8.0,4.0,28.0,3.0,0.3902439024390244
683,76,4,0,144.36149427934143,16.0,2.0,2.0,14.0,3.0,0.5294117647058824
684,77,23,0,266.702378995721,54.0,9.0,6.0,38.0,4.0,0.38181818181818183
685,77,25,0,235.90269819503183,42.0,9.0,4.0,32.0,4.0,0.4186046511627907
686,77,1,0,200.74054248572554,42.0,6.0,5.0,30.0,3.0,0.3953488372093023
687,77,15,0,283.2941585981552,54.0,15.0,4.0,38.0,4.0,0.38181818181818183
688,77,14,0,245.9896796813765,32.0,10.0,2.0,22.0,4.0,0.3939393939393939
689,77,20,0,204.3218623114082,34.0,8.0,3.0,30.0,4.0,0.4857142857142857
690,77,30,1,170.32010862208392,20.0,4.0,2.0,20.0,4.0,0.5714285714285714
691,77,34,0,209.97167956677288,48.0,12.0,4.0,30.0,4.0,0.3469387755102041
692,77,18,0,140.70183665798868,16.0,2.0,2.0,16.0,3.0,0.5882352941176471
693,78,3,0,356.6932243440445,70.0,20.0,5.0,36.0,4.0,0.28169014084507044
694,78,19,0,218.8111279931775,52.0,8.0,6.0,32.0,3.0,0.33962264150943394
695,78,30,0,205.7507662093538,20.0,4.0,2.0,20.0,4.0,0.5714285714285714
696,78,21,0,252.9772222068769,56.0,10.0,6.0,36.0,3.0,0.3508771929824561
697,78,22,0,331.26755401314097,72.0,18.0,6.0,36.0,4.0,0.273972602739726
698,78,24,0,180.0604356673631,32.0,10.0,2.0,24.0,4.0,0.42424242424242425
699,78,10,0,196.2585517074544,30.0,6.0,3.0,26.0,4.0,0.4838709677419355
700,78,5,0,171.0232632999953,22.0,5.0,2.0,22.0,4.0,0.5652173913043478
701,78,38,0,309.448242005606,54.0,15.0,4.0,38.0,4.0,0.38181818181818183
702,79,9,0,298.55554020500034,54.0,15.0,4.0,36.0,4.0,0.36363636363636365
703,79,13,0,357.47842400068885,68.0,16.0,6.0,40.0,4.0,0.3188405797101449
704,79,8,0,201.6675181000314,24.0,6.0,2.0,20.0,4.0,0.48
705,79,16,1,213.9960971662539,30.0,6.0,3.0,24.0,4.0,0.45161290322580644
706,79,24,0,236.74648838818325,32.0,10.0,2.0,24.0,4.0,0.42424242424242425
707,79,19,0,201.97956895209774,52.0,8.0,6.0,32.0,3.0,0.33962264150943394
708,79,17,0,181.70478553927254,40.0,5.0,5.0,30.0,4.0,0.4146341463414634
709,79,23,0,266.4341986947267,54.0,9.0,6.0,38.0,4.0,0.38181818181818183
710,79,5,1,135.73808913627641,22.0,5.0,2.0,22.0,4.0,0.5652173913043478
711,80,25,0,217.21590807216063,42.0,9.0,4.0,32.0,4.0,0.4186046511627907
712,80,37,0,173.70355317673824,28.0,5.0,3.0,26.0,4.0,0.5172413793103449
713,80,18,1,161.6538379395007,16.0,2.0,2.0,16.0,3.0,0.5882352941176471
714,80,33,0,242.08135868034887,34.0,8.0,3.0,28.0,4.0,0.45714285714285713
715,80,12,0,217.11703945855413,32.0,10.0,2.0,24.0,4.0,0.42424242424242425
716,80,26,0,163.28405083165595,20.0,4.0,2.0,14.0,3.0,0.42857142857142855
717,80,2,1,216.9253863394311,50.0,10.0,5.0,32.0,3.0,0.35294117647058826
718,80,3,0,328.68015944824293,70.0,20.0,5.0,36.0,4.0,0.28169014084507044
719,80,35,0,135.4198888587698,24.0,0.0,4.0,20.0,1.0,0.48
720,81,6,0,150.50260762581814,12.0,0.0,2.0,14.0,1.0,0.6923076923076923
721,81,34,1,194.9935409304593,48.0,12.0,4.0,30.0,4.0,0.3469387755102041
722,81,24,0,221.62963570244918,32.0,10.0,2.0,24.0,4.0,0.42424242424242425
723,81,14,0,194.14583008361035,32.0,10.0,2.0,22.0,4.0,0.3939393939393939
724,81,20,0,190.3197434272739,34.0,8.0,3.0,30.0,4.0,0.4857142857142857
725,81,29,0,129.13218662223886,20.0,4.0,2.0,16.0,3.0,0.47619047619047616
726,81,21,1,270.65584242228084,56.0,10.0,6.0,36.0,3.0,0.3508771929824561
727,81,8,0,148.92732642389845,24.0,6.0,2.0,20.0,4.0,0.48
728,81,27,0,224.75279996880107,48.0,9.0,5.0,38.0,4.0,0.42857142857142855
729,82,16,0,183.52551580416142,30.0,6.0,3.0,24.0,4.0,0.45161290322580644
730,82,7,0,423.8467930653218,96.0,30.0,6.0,44.0,4.0,0.24742268041237114
731,82,20,0,195.15444179653056,34.0,8.0,3.0,30.0,4.0,0.4857142857142857
732,82,30,0,184.81913136633932,20.0,4.0,2.0,20.0,4.0,0.5714285714285714
733,82,26,1,133.80281762132725,20.0,4.0,2.0,14.0,3.0,0.42857142857142855
734,82,3,0,293.19470704849806,70.0,20.0,5.0,36.0,4.0,0.28169014084507044
735,82,38,0,280.7905155089965,54.0,15.0,4.0,38.0,4.0,0.38181818181818183
736,82,25,0,192.820469898218,42.0,9.0,4.0,32.0,4.0,0.4186046511627907
737,82,21,0,276.77617778206866,56.0,10.0,6.0,36.0,3.0,0.3508771929824561
738,83,9,0,255.18427258580707,54.0,15.0,4.0,36.0,4.0,0.36363636363636365
739,83,32,0,191.08051179101636,34.0,5.0,4.0,28.0,4.0,0.45714285714285713
740,83,36,0,254.60000367003153,40.0,8.0,4.0,20.0,3.0,0.2926829268292683
741,83,15,0,258.66168481759354,54.0,15.0,4.0,38.0,4.0,0.38181818181818183
742,83,35,0,135.50821042855137,24.0,0.0,4.0,20.0,1.0,0.48
743,83,20,0,150.70154708888677,34.0,8.0,3.0,30.0,4.0,0.4857142857142857
744,83,1,0,179.48673201799545,42.0,6.0,5.0,30.0,3.0,0.3953488372093023
745,83,29,0,168.20887896002935,20.0,4.0,2.0,16.0,3.0,0.47619047619047616
746,83,16,0,214.27780039548176,30.0,6.0,3.0,24.0,4.0,0.45161290322580644
747,84,1,0,209.1036460897498,42.0,6.0,5.0,30.0,3.0,0.3953488372093023
748,84,24,0,245.19895955646695,32.0,10.0,2.0,24.0,4.0,0.42424242424242425
749,84,31,0,383.2381713001584,86.0,25.0,6.0,42.0,4.0,0.26436781609195403
750,84,20,0,203.2813294809828,34.0,8.0,3.0,30.0,4.0,0.4857142857142857
751,84,30,0,183.20648527868101,20.0,4.0,2.0,20.0,4.0,0.5714285714285714
752,84,27,0,238.10770578687055,48.0,9.0,5.0,38.0,4.0,0.42857142857142855
753,84,25,0,234.01567440331624,42.0,9.0,4.0,32.0,4.0,0.4186046511627907
754,84,15,1,303.48984327440456,54.0,15.0,4.0,38.0,4.0,0.38181818181818183
755,84,28,0,181.63611045319158,28.0,8.0,2.0,20.0,4.0,0.41379310344827586
756,85,16,0,200.74347327475908,30.0,6.0,3.0,24.0,4.0,0.45161290322580644
757,85,35,0,102.17372932183024,24.0,0.0,4.0,20.0,1.0,0.48
758,85,10,0,212.1025530807526,30.0,6.0,3.0,26.0,4.0,0.4838709677419355
759,85,22,0,334.9165185363324,72.0,18.0,6.0,36.0,4.0,0.273972602739726
760,85,24,0,209.29122851402633,32.0,10.0,2.0,24.0,4.0,0.42424242424242425
761,85,34,0,262.00070564200263,48.0,12.0,4.0,30.0,4.0,0.3469387755102041
762,85,13,0,320.6527367147356,68.0,16.0,6.0,40.0,4.0,0.3188405797101449
763,85,4,0,116.29981398687235,16.0,2.0,2.0,14.0,3.0,0.5294117647058824
764,85,33,0,192.57413810000807,34.0,8.0,3.0,28.0,4.0,0.45714285714285713
765,86,31,0,407.7191694794901,86.0,25.0,6.0,42.0,4.0,0.26436781609195403
766,86,11,0,179.11372053066012,40.0,8.0,4.0,28.0,3.0,0.3902439024390244
767,86,12,0,194.69211489385955,32.0,10.0,2.0,24.0,4.0,0.42424242424242425
768,86,2,0,236.88088831982003,50.0,10.0,5.0,32.0,3.0,0.35294117647058826
769,86,8,0,132.32296016098937,24.0,6.0,2.0,20.0,4.0,0.48
770,86,19,0,237.58900154811485,52.0,8.0,6.0,32.0,3.0,0.33962264150943394
771,86,21,0,251.2904182460981,56.0,10.0,6.0,36.0,3.0,0.3508771929824561
772,86,6,0,98.62055824205123,12.0,0.0,2.0,14.0,1.0,0.6923076923076923
773,86,25,0,228.11993412072815,42.0,9.0,4.0,32.0,4.0,0.4186046511627907
774,87,15,0,322.9116106611098,54.0,15.0,4.0,38.0,4.0,0.38181818181818183
775,87,2,0,239.73909641809053,50.0,10.0,5.0,32.0,3.0,0.35294117647058826
776,87,1,0,163.88050733405512,42.0,6.0,5.0,30.0,3.0,0.3953488372093023
777,87,23,0,247.20758229391177,54.0,9.0,6.0,38.0,4.0,0.38181818181818183
778,87,11,1,199.2896677996662,40.0,8.0,4.0,28.0,3.0,0.3902439024390244
779,87,38,0,278.7191249180175,54.0,15.0,4.0,38.0,4.0,0.38181818181818183
780,87,12,0,182.64489825762965,32.0,10.0,2.0,24.0,4.0,0.42424242424242425
781,87,21,0,268.1412195253355,56.0,10.0,6.0,36.0,3.0,0.3508771929824561
782,87,19,0,209.18048427346048,52.0,8.0,6.0,32.0,3.0,0.33962264150943394
783,88,1,0,203.00505606112333,42.0,6.0,5.0,30.0,3.0,0.3953488372093023
784,88,9,0,277.95814894212657,54.0,15.0,4.0,36.0,4.0,0.36363636363636365
785,88,29,1,104.43105351850772,20.0,4.0,2.0,16.0,3.0,0.47619047619047616
786,88,21,0,213.52414630475485,56.0,10.0,6.0,36.0,3.0,0.3508771929824561
787,88,24,0,211.02826145033234,32.0,10.0,2.0,24.0,4.0,0.42424242424242425
788,88,19,0,214.65678190970527,52.0,8.0,6.0,32.0,3.0,0.33962264150943394
789,88,27,0,220.64388232460627,48.0,9.0,5.0,38.0,4.0,0.42857142857142855
790,88,10,0,188.29495414207844,30.0,6.0,3.0,26.0,4.0,0.4838709677419355
791,88,5,0,184.10198040330818,22.0,5.0,2.0,22.0,4.0,0.5652173913043478
792,89,6,0,104.64525100172331,12.0,0.0,2.0,14.0,1.0,0.6923076923076923
793,89,1,0,180.18563213225826,42.0,6.0,5.0,30.0,3.0,0.3953488372093023
794,89,5,0,189.1797678052361,22.0,5.0,2.0,22.0,4.0,0.5652173913043478
795,89,8,0,200.09682422270205,24.0,6.0,2.0,20.0,4.0,0.48
796,89,15,0,335.72383722751397,54.0,15.0,4.0,38.0,4.0,0.38181818181818183
797,89,27,0,228.62392802733106,48.0,9.0,5.0,38.0,4.0,0.42857142857142855
798,89,35,0,101.73928568936161,24.0,0.0,4.0,20.0,1.0,0.48
799,89,21,0,245.99875899669357,56.0,10.0,6.0,36.0,3.0,0.3508771929824561
800,89,17,0,226.3429688652836,40.0,5.0,5.0,30.0,4.0,0.4146341463414634
801,90,19,0,194.17261660672128,52.0,8.0,6.0,32.0,3.0,0.33962264150943394
802,90,18,1,150.66367835305942,16.0,2.0,2.0,16.0,3.0,0.5882352941176471
803,90,11,0,199.98771389262905,40.0,8.0,4.0,28.0,3.0,0.3902439024390244
804,90,35,0,149.54282029764337,24.0,0.0,4.0,20.0,1.0,0.48
805,90,21,0,244.3007231243267,56.0,10.0,6.0,36.0,3.0,0.3508771929824561
806,90,7,0,456.5991909193839,96.0,30.0,6.0,44.0,4.0,0.24742268041237114
807,90,31,0,412.28256647559596,86.0,25.0,6.0,42.0,4.0,0.26436781609195403
808,90,2,0,255.43747195386598,50.0,10.0,5.0,32.0,3.0,0.35294117647058826
809,90,24,1,229.18331527810145,32.0,10.0,2.0,24.0,4.0,0.42424242424242425
810,91,30,0,134.92557636279372,20.0,4.0,2.0,20.0,4.0,0.5714285714285714
811,91,9,0,285.88337286335275,54.0,15.0,4.0,36.0,4.0,0.36363636363636365
812,91,10,0,221.3020779045867,30.0,6.0,3.0,26.0,4.0,0.4838709677419355
813,91,35,1,73.78639774797853,24.0,0.0,4.0,20.0,1.0,0.48
814,91,4,0,141.54436198371536,16.0,2.0,2.0,14.0,3.0,0.5294117647058824
815,91,1,0,215.04491742672758,42.0,6.0,5.0,30.0,3.0,0.3953488372093023
816,91,37,0,208.0562788901332,28.0,5.0,3.0,26.0,4.0,0.5172413793103449
817,91,18,0,139.63654118473778,16.0,2.0,2.0,16.0,3.0,0.5882352941176471
818,91,2,0,256.57321758170406,50.0,10.0,5.0,32.0,3.0,0.35294117647058826
819,92,21,1,214.02003080408517,56.0,10.0,6.0,36.0,3.0,0.3508771929824561
820,92,4,1,123.09367775569235,16.0,2.0,2.0,14.0,3.0,0.5294117647058824
821,92,3,0,371.98376272256525,70.0,20.0,5.0,36.0,4.0,0.28169014084507044
822,92,25,0,256.22742335843327,42.0,9.0,4.0,32.0,4.0,0.4186046511627907
823,92,38,0,269.1344338534627,54.0,15.0,4.0,38.0,4.0,0.38181818181818183
824,92,13,0,295.4956503679141,68.0,16.0,6.0,40.0,4.0,0.3188405797101449
825,92,32,0,139.8498860683133,34.0,5.0,4.0,28.0,4.0,0.45714285714285713
826,92,33,0,218.27783794692644,34.0,8.0,3.0,28.0,4.0,0.45714285714285713
827,92,10,0,169.43998967298648,30.0,6.0,3.0,26.0,4.0,0.4838709677419355
828,93,21,0,286.77988246672203,56.0,10.0,6.0,36.0,3.0,0.3508771929824561
829,93,6,0,92.3111200309959,12.0,0.0,2.0,14.0,1.0,0.6923076923076923
830,93,20,0,235.57050632982046,34.0,8.0,3.0,30.0,4.0,0.4857142857142857
831,93,36,0,182.8934393941893,40.0,8.0,4.0,20.0,3.0,0.2926829268292683
832,93,8,0,158.4884524422213,24.0,6.0,2.0,20.0,4.0,0.48
833,93,23,0,313.7768209511571,54.0,9.0,6.0,38.0,4.0,0.38181818181818183
834,93,15,0,299.5915063428479,54.0,15.0,4.0,38.0,4.0,0.38181818181818183
835,93,38,0,263.86416998140453,54.0,15.0,4.0,38.0,4.0,0.38181818181818183
836,93,27,0,201.49605560675292,48.0,9.0,5.0,38.0,4.0,0.42857142857142855
837,94,34,0,267.18975127443844,48.0,12.0,4.0,30.0,4.0,0.3469387755102041
838,94,4,1,94.67603076869125,16.0,2.0,2.0,14.0,3.0,0.5294117647058824
839,94,6,1,90.12548180818256,12.0,0.0,2.0,14.0,1.0,0.6923076923076923
840,94,22,0,323.86671275001424,72.0,18.0,6.0,36.0,4.0,0.273972602739726
841,94,26,0,146.09558676263515,20.0,4.0,2.0,14.0,3.0,0.42857142857142855
842,94,12,0,212.2331502560358,32.0,10.0,2.0,24.0,4.0,0.42424242424242425
843,94,7,0,429.29412662244914,96.0,30.0,6.0,44.0,4.0,0.24742268041237114
844,94,25,0,272.51726637653445,42.0,9.0,4.0,32.0,4.0,0.4186046511627907
845,94,27,0,228.14034379527385,48.0,9.0,5.0,38.0,4.0,0.42857142857142855
846,95,27,0,220.96101547958557,48.0,9.0,5.0,38.0,4.0,0.42857142857142855
847,95,17,1,211.6965815012496,40.0,5.0,5.0,30.0,4.0,0.4146341463414634
848,95,1,0,225.73739787770197,42.0,6.0,5.0,30.0,3.0,0.3953488372093023
849,95,33,0,230.38688642215806,34.0,8.0,3.0,28.0,4.0,0.45714285714285713
850,95,5,1,222.08944315677755,22.0,5.0,2.0,22.0,4.0,0.5652173913043478
851,95,12,0,217.41216149531454,32.0,10.0,2.0,24.0,4.0,0.42424242424242425
852,95,14,0,177.72082454116526,32.0,10.0,2.0,22.0,4.0,0.3939393939393939
853,95,30,0,193.9133368348342,20.0,4.0,2.0,20.0,4.0,0.5714285714285714
854,95,26,0,134.39317915145384,20.0,4.0,2.0,14.0,3.0,0.42857142857142855
855,96,29,0,116.4911023229469,20.0,4.0,2.0,16.0,3.0,0.47619047619047616
856,96,13,0,336.62334517156097,68.0,16.0,6.0,40.0,4.0,0.3188405797101449
857,96,34,1,280.8385104842008,48.0,12.0,4.0,30.0,4.0,0.3469387755102041
858,96,25,0,204.67353818608254,42.0,9.0,4.0,32.0,4.0,0.4186046511627907
859,96,28,0,181.40057869702426,28.0,8.0,2.0,20.0,4.0,0.41379310344827586
860,96,27,0,249.78341990081304,48.0,9.0,5.0,38.0,4.0,0.42857142857142855
861,96,2,0,217.72640393550088,50.0,10.0,5.0,32.0,3.0,0.35294117647058826
862,96,8,0,198.46412012782412,24.0,6.0,2.0,20.0,4.0,0.48
863,96,17,0,162.54188545300022,40.0,5.0,5.0,30.0,4.0,0.4146341463414634
864,97,31,0,442.1295573956995,86.0,25.0,6.0,42.0,4.0,0.26436781609195403
865,97,38,0,261.3179891984041,54.0,15.0,4.0,38.0,4.0,0.38181818181818183
866,97,19,0,246.18714339830754,52.0,8.0,6.0,32.0,3.0,0.33962264150943394
867,97,24,0,245.02092113473955,32.0,10.0,2.0,24.0,4.0,0.42424242424242425
868,97,17,0,221.85500202801953,40.0,5.0,5.0,30.0,4.0,0.4146341463414634
869,97,3,0,349.0106004517269,70.0,20.0,5.0,36.0,4.0,0.28169014084507044
870,97,11,0,193.2747014765668,40.0,8.0,4.0,28.0,3.0,0.3902439024390244
871,97,8,0,166.67542538580125,24.0,6.0,2.0,20.0,4.0,0.48
872,97,34,0,238.19908893258543,48.0,12.0,4.0,30.0,4.0,0.3469387755102041
873,98,25,0,207.75444321552862,42.0,9.0,4.0,32.0,4.0,0.4186046511627907
874,98,22,1,335.40697631295484,72.0,18.0,6.0,36.0,4.0,0.273972602739726
875,98,18,0,91.23034132593797,16.0,2.0,2.0,16.0,3.0,0.5882352941176471
876,98,23,0,268.1980412170419,54.0,9.0,6.0,38.0,4.0,0.38181818181818183
877,98,21,0,275.0253454618705,56.0,10.0,6.0,36.0,3.0,0.3508771929824561
878,98,32,0,185.88173681311082,34.0,5.0,4.0,28.0,4.0,0.45714285714285713
879,98,5,0,181.19174288305967,22.0,5.0,2.0,22.0,4.0,0.5652173913043478
880,98,1,0,227.69052104944478,42.0,6.0,5.0,30.0,3.0,0.3953488372093023
881,98,3,0,339.42740174495475,70.0,20.0,5.0,36.0,4.0,0.28169014084507044
882,99,29,1,116.95484189012964,20.0,4.0,2.0,16.0,3.0,0.47619047619047616
883,99,8,0,217.22597924442186,24.0,6.0,2.0,20.0,4.0,0.48
884,99,3,0,353.97111692450983,70.0,20.0,5.0,36.0,4.0,0.28169014084507044
885,99,18,0,142.01574236403758,16.0,2.0,2.0,16.0,3.0,0.5882352941176471
886,99,5,0,164.33586750607384,22.0,5.0,2.0,22.0,4.0,0.5652173913043478
887,99,24,0,239.52541240422931,32.0,10.0,2.0,24.0,4.0,0.42424242424242425
888,99,15,0,297.8555716665849,54.0,15.0,4.0,38.0,4.0,0.38181818181818183
889,99,32,0,203.24654279481595,34.0,5.0,4.0,28.0,4.0,0.45714285714285713
890,99,36,0,171.43230605454215,40.0,8.0,4.0,20.0,3.0,0.2926829268292683
891,100,26,1,164.60363078748182,20.0,4.0,2.0,14.0,3.0,0.42857142857142855
892,100,6,0,105.13129847280786,12.0,0.0,2.0,14.0,1.0,0.6923076923076923
893,100,29,0,123.58192381052298,20.0,4.0,2.0,16.0,3.0,0.47619047619047616
894,100,22,0,333.01288947312315,72.0,18.0,6.0,36.0,4.0,0.273972602739726
895,100,16,0,157.62763386279207,30.0,6.0,3.0,24.0,4.0,0.45161290322580644
896,100,13,0,349.98552077696496,68.0,16.0,6.0,40.0,4.0,0.3188405797101449
897,100,8,0,184.12757441238782,24.0,6.0,2.0,20.0,4.0,0.48
898,100,2,0,222.5429742743026,50.0,10.0,5.0,32.0,3.0,0.35294117647058826
899,100,23,0,231.69549838747113,54.0,9.0,6.0,38.0,4.0,0.38181818181818183
900,101,6,1,105.75356489654811,12.0,0.0,2.0,14.0,1.0,0.6923076923076923
901,101,13,0,366.9606084759629,68.0,16.0,6.0,40.0,4.0,0.3188405797101449
902,101,27,0,236.3456853576779,48.0,9.0,5.0,38.0,4.0,0.42857142857142855
903,101,11,0,220.95318185243173,40.0,8.0,4.0,28.0,3.0,0.3902439024390244
904,101,17,0,220.43953230799758,40.0,5.0,5.0,30.0,4.0,0.4146341463414634
905,101,30,0,170.32744526106333,20.0,4.0,2.0,20.0,4.0,0.5714285714285714
906,101,9,0,283.69916944872944,54.0,15.0,4.0,36.0,4.0,0.36363636363636365
907,101,18,0,91.82508398254755,16.0,2.0,2.0,16.0,3.0,0.5882352941176471
908,101,5,0,167.48757219440182,22.0,5.0,2.0,22.0,4.0,0.5652173913043478
909,102,24,0,215.75329881010168,32.0,10.0,2.0,24.0,4.0,0.42424242424242425
910,102,12,0,251.77995031815163,32.0,10.0,2.0,24.0,4.0,0.42424242424242425
911,102,31,0,414.1250269688322,86.0,25.0,6.0,42.0,4.0,0.26436781609195403
912,102,15,0,301.28060139218474,54.0,15.0,4.0,38.0,4.0,0.38181818181818183
913,102,14,0,187.57607746460724,32.0,10.0,2.0,22.0,4.0,0.3939393939393939
914,102,20,0,224.64198741048975,34.0,8.0,3.0,30.0,4.0,0.4857142857142857
915,102,28,0,191.7785691427499,28.0,8.0,2.0,20.0,4.0,0.41379310344827586
916,102,37,0,191.5806112680325,28.0,5.0,3.0,26.0,4.0,0.5172413793103449
917,102,29,1,164.45034444259662,20.0,4.0,2.0,16.0,3.0,0.47619047619047616
918,103,12,0,224.49108143292466,32.0,10.0,2.0,24.0,4.0,0.42424242424242425
919,103,11,0,220.60674172632483,40.0,8.0,4.0,28.0,3.0,0.3902439024390244
920,103,13,0,279.14770211324856,68.0,16.0,6.0,40.0,4.0,0.3188405797101449
921,103,2,0,247.07082653416884,50.0,10.0,5.0,32.0,3.0,0.35294117647058826
922,103,24,0,214.28596684983648,32.0,10.0,2.0,24.0,4.0,0.42424242424242425
923,103,14,0,258.71031312686625,32.0,10.0,2.0,22.0,4.0,0.3939393939393939
924,103,21,0,211.44338801121552,56.0,10.0,6.0,36.0,3.0,0.3508771929824561
925,103,17,0,218.295606909141,40.0,5.0,5.0,30.0,4.0,0.4146341463414634
926,103,31,0,374.67337496105836,86.0,25.0,6.0,42.0,4.0,0.26436781609195403
927,104,33,0,274.0008752694806,34.0,8.0,3.0,28.0,4.0,0.45714285714285713
928,104,9,0,276.127200082166,54.0,15.0,4.0,36.0,4.0,0.36363636363636365
929,104,8,1,152.7074080922839,24.0,6.0,2.0,20.0,4.0,0.48
930,104,24,0,206.8768886030413,32.0,10.0,2.0,24.0,4.0,0.42424242424242425
931,104,3,0,349.18588773874853,70.0,20.0,5.0,36.0,4.0,0.28169014084507044
932,104,26,0,156.7587824931817,20.0,4.0,2.0,14.0,3.0,0.42857142857142855
933,104,23,0,264.34097946134386,54.0,9.0,6.0,38.0,4.0,0.38181818181818183
934,104,19,0,248.1327360794507,52.0,8.0,6.0,32.0,3.0,0.33962264150943394
935,104,37,0,158.24563429109892,28.0,5.0,3.0,26.0,4.0,0.5172413793103449
936,105,34,0,227.75285425628311,48.0,12.0,4.0,30.0,4.0,0.3469387755102041
937,105,32,0,161.58830094666772,34.0,5.0,4.0,28.0,4.0,0.45714285714285713
938,105,18,0,126.94105322882214,16.0,2.0,2.0,16.0,3.0,0.5882352941176471
939,105,8,0,142.86926252642874,24.0,6.0,2.0,20.0,4.0,0.48
940,105,36,0,190.45698762108984,40.0,8.0,4.0,20.0,3.0,0.2926829268292683
941,105,2,0,280.06531888266,50.0,10.0,5.0,32.0,3.0,0.35294117647058826
942,105,12,0,242.0626735260529,32.0,10.0,2.0,24.0,4.0,0.42424242424242425
943,105,29,1,162.71248957734872,20.0,4.0,2.0,16.0,3.0,0.47619047619047616
944,105,37,0,218.21257717677238,28.0,5.0,3.0,26.0,4.0,0.5172413793103449
945,106,8,0,165.27920457335648,24.0,6.0,2.0,20.0,4.0,0.48
946,106,21,0,289.31847013550924,56.0,10.0,6.0,36.0,3.0,0.3508771929824561
947,106,36,0,231.5362079286171,40.0,8.0,4.0,20.0,3.0,0.2926829268292683
948,106,37,0,207.06541770694497,28.0,5.0,3.0,26.0,4.0,0.5172413793103449
949,106,18,0,150.29155928570134,16.0,2.0,2.0,16.0,3.0,0.5882352941176471
950,106,10,0,201.99158001061465,30.0,6.0,3.0,26.0,4.0,0.4838709677419355
951,106,30,0,189.93243979761536,20.0,4.0,2.0,20.0,4.0,0.5714285714285714
952,106,14,0,202.1580317980997,32.0,10.0,2.0,22.0,4.0,0.3939393939393939
953,106,15,0,306.0903415734372,54.0,15.0,4.0,38.0,4.0,0.38181818181818183
954,107,27,0,243.85637683452438,48.0,9.0,5.0,38.0,4.0,0.42857142857142855
955,107,8,0,200.39773435459588,24.0,6.0,2.0,20.0,4.0,0.48
956,107,31,0,398.2827976166132,86.0,25.0,6.0,42.0,4.0,0.26436781609195403
957,107,22,0,339.2948803742983,72.0,18.0,6.0,36.0,4.0,0.273972602739726
958,107,26,0,163.60763371715512,20.0,4.0,2.0,14.0,3.0,0.42857142857142855
959,107,30,0,115.44273164754297,20.0,4.0,2.0,20.0,4.0,0.5714285714285714
960,107,19,0,258.1939694724697,52.0,8.0,6.0,32.0,3.0,0.33962264150943394
961,107,18,0,158.96649013352226,16.0,2.0,2.0,16.0,3.0,0.5882352941176471
962,107,34,0,235.30701927565931,48.0,12.0,4.0,30.0,4.0,0.3469387755102041
963,108,16,0,228.916696725401,30.0,6.0,3.0,24.0,4.0,0.45161290322580644
964,108,36,0,181.54226561995517,40.0,8.0,4.0,20.0,3.0,0.2926829268292683
965,108,35,0,78.70022377083981,24.0,0.0,4.0,20.0,1.0,0.48
966,108,28,0,179.8092748437726,28.0,8.0,2.0,20.0,4.0,0.41379310344827586
967,108,23,0,295.5572022773168,54.0,9.0,6.0,38.0,4.0,0.38181818181818183
968,108,30,0,126.4786095454585,20.0,4.0,2.0,20.0,4.0,0.5714285714285714
969,108,34,0,261.53999109092814,48.0,12.0,4.0,30.0,4.0,0.3469387755102041
970,108,3,0,327.71180501086667,70.0,20.0,5.0,36.0,4.0,0.28169014084507044
971,108,17,0,230.31924527785438,40.0,5.0,5.0,30.0,4.0,0.4146341463414634
972,109,11,0,235.28264380146499,40.0,8.0,4.0,28.0,3.0,0.3902439024390244
973,109,35,0,96.14433337813618,24.0,0.0,4.0,20.0,1.0,0.48
974,109,30,1,156.06029725307653,20.0,4.0,2.0,20.0,4.0,0.5714285714285714
975,109,4,0,152.9527095064463,16.0,2.0,2.0,14.0,3.0,0.5294117647058824
976,109,27,0,216.1494353038114,48.0,9.0,5.0,38.0,4.0,0.42857142857142855
977,109,38,0,314.58918134041835,54.0,15.0,4.0,38.0,4.0,0.38181818181818183
978,109,21,0,256.3762955896561,56.0,10.0,6.0,36.0,3.0,0.3508771929824561
979,109,10,0,191.04738334461743,30.0,6.0,3.0,26.0,4.0,0.4838709677419355
980,109,24,0,240.84016002852775,32.0,10.0,2.0,24.0,4.0,0.42424242424242425
981,110,12,0,249.88648992539873,32.0,10.0,2.0,24.0,4.0,0.42424242424242425
982,110,17,0,198.38058276968476,40.0,5.0,5.0,30.0,4.0,0.4146341463414634
983,110,24,0,216.97473607869196,32.0,10.0,2.0,24.0,4.0,0.42424242424242425
984,110,9,0,288.91032821600396,54.0,15.0,4.0,36.0,4.0,0.36363636363636365
985,110,35,1,76.20992748506714,24.0,0.0,4.0,20.0,1.0,0.48
986,110,6,1,68.04794678657154,12.0,0.0,2.0,14.0,1.0,0.6923076923076923
987,110,38,0,275.34375003195396,54.0,15.0,4.0,38.0,4.0,0.38181818181818183
988,110,36,0,214.2234171084276,40.0,8.0,4.0,20.0,3.0,0.2926829268292683
989,110,27,0,265.1659108616275,48.0,9.0,5.0,38.0,4.0,0.42857142857142855
990,111,20,0,225.7024425324981,34.0,8.0,3.0,30.0,4.0,0.4857142857142857
991,111,13,0,331.5195980120163,68.0,16.0,6.0,40.0,4.0,0.3188405797101449
992,111,3,0,322.76180658760165,70.0,20.0,5.0,36.0,4.0,0.28169014084507044
993,111,29,0,152.89340943409042,20.0,4.0,2.0,16.0,3.0,0.47619047619047616
994,111,7,0,479.7349090617854,96.0,30.0,6.0,44.0,4.0,0.24742268041237114
995,111,24,0,211.34727076248063,32.0,10.0,2.0,24.0,4.0,0.42424242424242425
996,111,15,0,262.25318521435804,54.0,15.0,4.0,38.0,4.0,0.38181818181818183
997,111,35,0,78.48626037779222,24.0,0.0,4.0,20.0,1.0,0.48
998,111,23,0,256.7694334402829,54.0,9.0,6.0,38.0,4.0,0.38181818181818183
999,112,32,0,178.38913748662202,34.0,5.0,4.0,28.0,4.0,0.45714285714285713
1000,112,4,0,121.73262010841525,16.0,2.0,2.0,14.0,3.0,0.5294117647058824
1001,112,38,0,287.29373592913885,54.0,15.0,4.0,38.0,4.0,0.38181818181818183
1002,112,37,0,201.1435379258868,28.0,5.0,3.0,26.0,4.0,0.5172413793103449
1003,112,21,0,280.2700734570472,56.0,10.0,6.0,36.0,3.0,0.3508771929824561
1004,112,8,1,193.91865483083257,24.0,6.0,2.0,20.0,4.0,0.48
1005,112,29,0,120.81922619701093,20.0,4.0,2.0,16.0,3.0,0.47619047619047616
1006,112,31,0,360.8515868720196,86.0,25.0,6.0,42.0,4.0,0.26436781609195403
1007,112,30,1,145.82946388355978,20.0,4.0,2.0,20.0,4.0,0.5714285714285714
1008,113,19,0,242.55744124270984,52.0,8.0,6.0,32.0,3.0,0.33962264150943394
1009,113,5,0,112.7565800899003,22.0,5.0,2.0,22.0,4.0,0.5652173913043478
1010,113,13,0,296.1271011054061,68.0,16.0,6.0,40.0,4.0,0.3188405797101449
1011,113,22,0,296.32074298714775,72.0,18.0,6.0,36.0,4.0,0.273972602739726
1012,113,24,0,262.40867915179297,32.0,10.0,2.0,24.0,4.0,0.42424242424242425
1013,113,28,0,212.79153230259132,28.0,8.0,2.0,20.0,4.0,0.41379310344827586
1014,113,29,1,148.30986832199673,20.0,4.0,2.0,16.0,3.0,0.47619047619047616
1015,113,12,1,174.12742795778902,32.0,10.0,2.0,24.0,4.0,0.42424242424242425
1016,113,23,0,244.8966436038499,54.0,9.0,6.0,38.0,4.0,0.38181818181818183
1017,114,1,0,202.38988011153413,42.0,6.0,5.0,30.0,3.0,0.3953488372093023
1018,114,28,0,182.22459315177778,28.0,8.0,2.0,20.0,4.0,0.41379310344827586
1019,114,5,0,160.6029732484652,22.0,5.0,2.0,22.0,4.0,0.5652173913043478
1020,114,31,0,387.283719135802,86.0,25.0,6.0,42.0,4.0,0.26436781609195403
1021,114,8,0,207.72217419223003,24.0,6.0,2.0,20.0,4.0,0.48
1022,114,35,0,115.21623531972982,24.0,0.0,4.0,20.0,1.0,0.48
1023,114,30,0,183.3677896892653,20.0,4.0,2.0,20.0,4.0,0.5714285714285714
1024,114,11,0,187.5602822541072,40.0,8.0,4.0,28.0,3.0,0.3902439024390244
1025,114,4,1,112.30286395539838,16.0,2.0,2.0,14.0,3.0,0.5294117647058824
1026,115,12,0,192.45451432842603,32.0,10.0,2.0,24.0,4.0,0.42424242424242425
1027,115,5,0,167.9485565353514,22.0,5.0,2.0,22.0,4.0,0.5652173913043478
1028,115,15,0,265.9831460270262,54.0,15.0,4.0,38.0,4.0,0.38181818181818183
1029,115,27,0,239.97022727430254,48.0,9.0,5.0,38.0,4.0,0.42857142857142855
1030,115,9,0,267.62320602291857,54.0,15.0,4.0,36.0,4.0,0.36363636363636365
1031,115,29,1,144.65060092701194,20.0,4.0,2.0,16.0,3.0,0.47619047619047616
1032,115,28,0,172.70082420885282,28.0,8.0,2.0,20.0,4.0,0.41379310344827586
1033,115,31,0,437.02940215963264,86.0,25.0,6.0,42.0,4.0,0.26436781609195403
1034,115,8,0,192.48954219447745,24.0,6.0,2.0,20.0,4.0,0.48
1035,116,14,0,221.9501515019922,32.0,10.0,2.0,22.0,4.0,0.3939393939393939
1036,116,12,1,214.12176486426756,32.0,10.0,2.0,24.0,4.0,0.42424242424242425
1037,116,13,0,324.0457078703599,68.0,16.0,6.0,40.0,4.0,0.3188405797101449
1038,116,25,0,211.19805024120993,42.0,9.0,4.0,32.0,4.0,0.4186046511627907
1039,116,38,0,277.0275668677738,54.0,15.0,4.0,38.0,4.0,0.38181818181818183
1040,116,5,0,157.41239182945594,22.0,5.0,2.0,22.0,4.0,0.5652173913043478
1041,116,8,0,158.37256579857254,24.0,6.0,2.0,20.0,4.0,0.48
1042,116,33,1,238.28698861435856,34.0,8.0,3.0,28.0,4.0,0.45714285714285713
1043,116,30,0,187.39686959082698,20.0,4.0,2.0,20.0,4.0,0.5714285714285714
1044,117,35,0,114.76459552412271,24.0,0.0,4.0,20.0,1.0,0.48
1045,117,30,0,208.85114172847523,20.0,4.0,2.0,20.0,4.0,0.5714285714285714
1046,117,23,0,233.19678965921793,54.0,9.0,6.0,38.0,4.0,0.38181818181818183
1047,117,1,0,206.77830582945666,42.0,6.0,5.0,30.0,3.0,0.3953488372093023
1048,117,7,0,450.45838923266973,96.0,30.0,6.0,44.0,4.0,0.24742268041237114
1049,117,21,0,220.22363070305167,56.0,10.0,6.0,36.0,3.0,0.3508771929824561
1050,117,12,0,271.168421025661,32.0,10.0,2.0,24.0,4.0,0.42424242424242425
1051,117,33,1,228.8721446844027,34.0,8.0,3.0,28.0,4.0,0.45714285714285713
1052,117,13,0,317.2719543048867,68.0,16.0,6.0,40.0,4.0,0.3188405797101449
1053,118,31,0,426.11306310707687,86.0,25.0,6.0,42.0,4.0,0.26436781609195403
1054,118,34,0,237.4600380722163,48.0,12.0,4.0,30.0,4.0,0.3469387755102041
1055,118,23,0,241.2211864079537,54.0,9.0,6.0,38.0,4.0,0.38181818181818183
1056,118,30,0,155.57896223827018,20.0,4.0,2.0,20.0,4.0,0.5714285714285714
1057,118,8,0,174.90501137992007,24.0,6.0,2.0,20.0,4.0,0.48
1058,118,18,0,158.49580126855136,16.0,2.0,2.0,16.0,3.0,0.5882352941176471
1059,118,5,0,120.02337624919616,22.0,5.0,2.0,22.0,4.0,0.5652173913043478
1060,118,24,0,225.93435193888567,32.0,10.0,2.0,24.0,4.0,0.42424242424242425
1061,118,4,0,124.59371818509926,16.0,2.0,2.0,14.0,3.0,0.5294117647058824
